image_id,class_id,x_center,y_center,width,height,confidence
001214_jpg.rf.85dbeddc5609d79293b1f979131a9f35.jpg,4,0.4834,0.3637,0.5064,0.3377,0.9951
road450_png.rf.4066ba8e8ac659692b69cbcf144c575f.jpg,10,0.4793,0.4447,0.1473,0.1169,0.994
road650_png.rf.b4086d2eec2b5bfe4465ae484a3b762f.jpg,9,0.4841,0.3175,0.1183,0.0938,0.992
000384_jpg.rf.0bd20cbc913cf806be9769b408f6e5d6.jpg,10,0.3764,0.3485,0.0977,0.1217,0.9905
000945_JPG_jpg.rf.ad79e318355923e68a10f1678fe9b6bf.jpg,0,0.2263,0.1304,0.3018,0.1128,0.9882
road701_png.rf.cdb390be5b29eb46e8125d30c802cde0.jpg,5,0.8933,0.3824,0.2133,0.182,0.9881
001427_jpg.rf.fe832db13f19311c2eda0b6e83878ec5.jpg,5,0.496,0.4939,0.9223,0.9467,0.988
road709_png.rf.4247ab0b03caf6c144ac9d5203850b81.jpg,5,0.4889,0.5019,0.0774,0.0594,0.9879
road708_png.rf.d9bf7da6e0e73af3295909a18a2cabee.jpg,5,0.5221,0.442,0.2348,0.1853,0.9873
001291_jpg.rf.c0ea8c600fa9219527f23947a8f0e7ec.jpg,4,0.3132,0.2978,0.2337,0.323,0.9872
000534_jpg.rf.fc7a9c184c96044637a59a8abbc842d2.jpg,11,0.808,0.463,0.133,0.1792,0.9855
road490_png.rf.464f4426af72921b633d86c047b4eb7a.jpg,12,0.5324,0.3689,0.1581,0.1253,0.9841
001228_jpg.rf.f4f7bc0b74a46e26c75aed78c39b41e5.jpg,4,0.3141,0.2854,0.2321,0.4067,0.9835
000380_jpg.rf.7216ac7b95b9137ab398250ae08e026c.jpg,10,0.5512,0.4445,0.1679,0.2718,0.9834
road420_png.rf.4db7dbd13a7b9c37ddddb7df9adf0834.jpg,13,0.5355,0.6145,0.2022,0.1547,0.9819
road587_png.rf.a53ec0d32057731c117123acb2f3b4e1.jpg,12,0.4548,0.517,0.069,0.0524,0.9817
001223_jpg.rf.cd973e1db0f78ec16c70d7af43fc4511.jpg,4,0.3334,0.5343,0.295,0.3988,0.9816
000922_JPG_jpg.rf.143f5b1a97d934ec4a71114055fa5a0b.jpg,0,0.5316,0.1512,0.2534,0.0801,0.9815
001229_jpg.rf.3174ec6dbfe9e8ee6ab16906d969ae8d.jpg,4,0.3327,0.5343,0.2907,0.3958,0.9812
001290_jpg.rf.d3a396f3ea066c80a6e76a48dcf798a2.jpg,4,0.4797,0.1913,0.2753,0.1782,0.9801
000783_jpg.rf.0f12070feb6f7bc91c48aa93a65d2e93.jpg,13,0.6485,0.2642,0.2508,0.4552,0.9798
001289_jpg.rf.2b57939adb36b165f0eef0a3de68e1ec.jpg,4,0.5072,0.4335,0.3938,0.2586,0.9793
road692_png.rf.428a4cfb2f374f0acb60ffc5c57e0750.jpg,5,0.447,0.3319,0.2237,0.1725,0.9787
001432_jpg.rf.5d8fff00f092a9bcb15a018a3edb186b.jpg,5,0.7227,0.4697,0.1287,0.2197,0.9783
road692_png.rf.428a4cfb2f374f0acb60ffc5c57e0750.jpg,3,0.4399,0.6044,0.2282,0.1722,0.9781
001256_jpg.rf.204fbb92b5dc59d697bf04b2682485e2.jpg,4,0.5665,0.3783,0.294,0.3844,0.9779
000949_JPG_jpg.rf.dffe53a303ce089bd4001a13de0cc7bd.jpg,0,0.2784,0.1318,0.3327,0.1341,0.9775
road803_png.rf.ec1de6db189d7a63e98b91529236a7d1.jpg,3,0.5291,0.5867,0.0979,0.0747,0.9773
001004_jpg.rf.b5403b891cecfc5231ff9ef14b3534ae.jpg,3,0.5008,0.3974,0.2674,0.2036,0.9772
001014_jpg.rf.b5f73c9eb6dc1a27fd9ec0323fb5d210.jpg,3,0.2946,0.2215,0.198,0.3333,0.977
road716_png.rf.b9085b6c292ddd763a6e1481465dd3cd.jpg,5,0.6201,0.5531,0.0599,0.0521,0.9769
001479_jpg.rf.61b4e3eab9b3daa20c770dafec663c97.jpg,5,0.5041,0.4627,0.5519,0.7587,0.9763
road708_png.rf.d9bf7da6e0e73af3295909a18a2cabee.jpg,3,0.525,0.7317,0.2322,0.1791,0.9757
000983_JPG_jpg.rf.435a52389bec50fc37b8d83dc287f3ed.jpg,0,0.5895,0.0594,0.2854,0.0877,0.975
road439_png.rf.3a8f1ca30bf60d80f05733e8d83212d9.jpg,13,0.2589,0.7919,0.1685,0.1299,0.975
road431_png.rf.4cf451707a1af9d139094513881b7654.jpg,13,0.1812,0.6016,0.1853,0.1453,0.9749
road811_png.rf.e8ae9aefbf35658164ee88a52ed39bd8.jpg,13,0.4532,0.5142,0.1732,0.1335,0.9748
road747_png.rf.66031af78137deac5c6878292d9ce7db.jpg,5,0.8939,0.3419,0.2122,0.1854,0.9739
001465_jpg.rf.82e271056e453a4f123033b7db486d63.jpg,5,0.2718,0.7927,0.1638,0.2657,0.9736
000658_jpg.rf.305458475fd66b31a8b2796cceb9f511.jpg,12,0.5654,0.4531,0.1323,0.1854,0.9732
road446_png.rf.f38afaa2d572c8426b05a88bdb4a5d3d.jpg,13,0.527,0.3607,0.2144,0.1732,0.9732
road640_png.rf.d095777d03f03f86a0b6b1f5b32dfdd5.jpg,11,0.7817,0.3223,0.1558,0.1198,0.9732
road691_png.rf.3ca3931933e5623e51596577124c3447.jpg,5,0.5032,0.3527,0.1613,0.1204,0.9728
road701_png.rf.cdb390be5b29eb46e8125d30c802cde0.jpg,3,0.8949,0.673,0.209,0.1837,0.9727
000741_jpg.rf.48077831b42aa2a01691cd30be5da048.jpg,13,0.6771,0.3331,0.3935,0.6662,0.9724
000592_jpg.rf.7264e25a590f878fcb39467d550219de.jpg,12,0.7146,0.3798,0.4853,0.7587,0.9716
001465_jpg.rf.82e271056e453a4f123033b7db486d63.jpg,5,0.5916,0.8922,0.0883,0.1486,0.9716
000216_jpg.rf.ba4ecb747ec69d54c3a1690dcf5f5b3a.jpg,8,0.4685,0.2768,0.3926,0.2268,0.9706
000762_jpg.rf.ea6102293c9b38d9f90158f1a4cc33f7.jpg,13,0.6801,0.4079,0.2113,0.266,0.9704
road520_png.rf.937374420bcb13bddc7b27ad6128d860.jpg,12,0.6363,0.4095,0.155,0.1186,0.9704
001295_jpg.rf.449090465a44f9f98a47e1141f3a8f38.jpg,4,0.5334,0.5143,0.3301,0.5109,0.97
001477_jpg.rf.170667884b322b9985bcd6a054a0d6be.jpg,5,0.5137,0.4782,0.4746,0.8653,0.9697
000282_jpg.rf.26ad0708d13674c6d8cfce6f6bd40cdb.jpg,8,0.4977,0.48,0.8671,0.552,0.9693
road639_png.rf.74306332af06fee257b44f5dd9ae02fb.jpg,11,0.5382,0.6264,0.137,0.1097,0.9692
001089_jpg.rf.004c591c5855cf05e2198a5e21c8ab56.jpg,3,0.5066,0.681,0.2266,0.4224,0.969
001462_jpg.rf.590c8b4c74096f768de4433951995545.jpg,5,0.7374,0.5,0.5252,1.0,0.9688
00008_00046_00015_png.rf.fca28beca2d7c7a733ca865755be6dbc.jpg,5,0.5337,0.5155,0.663,0.6647,0.9686
road286_png.rf.702db0cc9906e626d838a77a4e79244d.jpg,8,0.4781,0.4228,0.2291,0.1737,0.9682
000664_jpg.rf.882fdd90b90c7f1af1fc37a7467443cf.jpg,9,0.2355,0.3335,0.241,0.3115,0.968
001259_jpg.rf.b55c7e7dacc1e607f8e69b2a5cc36568.jpg,4,0.5334,0.515,0.3296,0.509,0.968
001484_jpg.rf.6b44f8da037b210cdbe0663683d7274e.jpg,5,0.2385,0.4553,0.3974,0.7693,0.968
000099_jpg.rf.cc64c31e94947e188ec07796f1f590a2.jpg,7,0.6565,0.4042,0.431,0.7617,0.9678
001057_jpg.rf.0d8f858b7a9c12830691348e2ae306af.jpg,3,0.4036,0.2878,0.4921,0.2845,0.9677
001250_jpg.rf.157a04c81cbb47009538b4880d0004c9.jpg,4,0.498,0.4585,0.4235,0.6146,0.9675
000100_jpg.rf.8948ed8c132dae637b8dde18d0c5be7b.jpg,9,0.7236,0.2262,0.1648,0.2115,0.9674
001247_jpg.rf.986fd924de123c95a8e6bbcc765d4c10.jpg,4,0.2939,0.4758,0.4993,0.9039,0.9674
000596_jpg.rf.eb635457db0d42d1d585000296f83145.jpg,12,0.7807,0.384,0.3846,0.7022,0.9673
road367_png.rf.68facda4326805592fce6d2bfb2dba6c.jpg,7,0.4376,0.4273,0.126,0.0992,0.9673
000664_jpg.rf.882fdd90b90c7f1af1fc37a7467443cf.jpg,12,0.2306,0.726,0.242,0.3069,0.967
00014_00008_00028_png.rf.41dc94b1892472b66d391791d753bb84.jpg,14,0.5042,0.5064,0.8143,0.7846,0.9665
00007_00033_00014_png.rf.73a43aaa12af693eff052e2fb710db31.jpg,3,0.5635,0.5187,0.6245,0.6571,0.9661
00005_00000_00019_png.rf.fb70e266857ce9ceea9b772edb452ab4.jpg,12,0.5281,0.5294,0.6757,0.6801,0.9658
000946_JPG_jpg.rf.d747fd05b21ff8ac85c05629986ae344.jpg,9,0.0621,0.184,0.0629,0.0749,0.9656
001097_jpg.rf.76b13f1ce839d7102e9a683f6959a3e6.jpg,3,0.3997,0.4569,0.6153,0.788,0.9653
001023_jpg.rf.f7de58bb03c2e2a346432baa358b4c3e.jpg,3,0.2955,0.2758,0.1987,0.2512,0.9652
00005_00012_00025_png.rf.f8b1c97fbb9d575b38ad20cb4fc6e3b3.jpg,12,0.5131,0.5099,0.7749,0.7714,0.9651
road421_png.rf.cd6d5f5724ac207f49f64d2ecc32f9f6.jpg,13,0.5219,0.4982,0.2562,0.2009,0.9651
000257_jpg.rf.6f63b8fd63b0d875247ba0e3d776bd4f.jpg,8,0.2637,0.2181,0.4296,0.2766,0.9649
000193_jpg.rf.334b364417849eb38db4d2275dc85838.jpg,9,0.4998,0.3504,0.6608,0.4416,0.9645
000412_jpg.rf.4201db338b39b5c120994db37fbf058f.jpg,7,0.6378,0.4209,0.4937,0.6472,0.9645
001472_jpg.rf.38654b39e5bc13159c16952df2ba2dc0.jpg,5,0.7126,0.4505,0.3624,0.7068,0.9645
road574_png.rf.e9300ee48cadd50aff3821e5d303d293.jpg,8,0.4928,0.6618,0.3903,0.3023,0.9645
road362_png.rf.765355e68b8097399c60024a6f28840c.jpg,8,0.3918,0.4953,0.2278,0.1741,0.9642
000166_jpg.rf.f37d1c743a28243f0e0f2482f2a67290.jpg,9,0.503,0.4799,0.3628,0.6358,0.964
road633_png.rf.282d128c502ba602126742a5064cd054.jpg,14,0.3935,0.3176,0.1316,0.1043,0.9637
000132_jpg.rf.6da2ad3a8754fb97cfa5a54b1fa794dd.jpg,9,0.3597,0.3021,0.2224,0.193,0.9635
00014_00003_00009_png.rf.1e49e9f368c48bc8051b5d9f131171c3.jpg,14,0.5309,0.5153,0.7333,0.7825,0.9635
000288_jpg.rf.2764018cfc726e02916e1739c8f35b5e.jpg,8,0.4828,0.659,0.4462,0.287,0.9635
00007_00024_00027_png.rf.566faa37c8dd33d7cd4145572d744276.jpg,3,0.508,0.519,0.7441,0.7316,0.9633
000485_jpg.rf.af7e94cba40a41c54db6ce2495de5789.jpg,11,0.521,0.6418,0.1568,0.2173,0.9624
00014_00009_00022_png.rf.c59286af8197704e8e88c3efdbf7b9d5.jpg,14,0.521,0.512,0.8102,0.8264,0.9622
001494_jpg.rf.4db0ef3199baad5258c353573bffed4a.jpg,5,0.6136,0.2188,0.5058,0.329,0.9622
00005_00014_00005_png.rf.0e24dd3583d580dadb9d69e73a08e78c.jpg,12,0.4834,0.5031,0.5702,0.5989,0.962
00007_00027_00020_png.rf.1c1be801a97cd5152cb9bcceaf08f5cd.jpg,3,0.5131,0.5106,0.7342,0.712,0.962
001082_jpg.rf.6b7fc1c9648c1a3494a137ffa3664be1.jpg,3,0.74,0.2152,0.1157,0.1647,0.9617
road485_png.rf.27b8f614cd9acbfc022c4c40b8707cbf.jpg,12,0.385,0.4748,0.4226,0.3234,0.9617
road760_png.rf.cb25cb1c5c71e6bbf07a9dc3b11915d2.jpg,3,0.4872,0.3563,0.2033,0.1567,0.9617
road397_png.rf.64b46468e2e241a3cb5dbce555894da3.jpg,3,0.5828,0.2529,0.3056,0.2279,0.9616
road655_png.rf.ff15054285f0f0f70cd01a48ab24b450.jpg,8,0.646,0.5277,0.0935,0.0723,0.9614
road412_png.rf.f3dc3c3dcb2d0a679c190b33c3a3178b.jpg,3,0.5801,0.5105,0.0841,0.0665,0.9613
00014_00002_00029_png.rf.39fe8d27d845bd7b01172c8fe6e4f766.jpg,14,0.5113,0.503,0.7706,0.8069,0.9612
000202_jpg.rf.7b9c03e897bab9b7a170deae87d31266.jpg,8,0.4543,0.2368,0.3355,0.1978,0.9609
00014_00005_00025_png.rf.297d8a9543fcea575965086bb06f4890.jpg,14,0.5104,0.5176,0.8164,0.815,0.9608
00014_00008_00004_png.rf.ce893afcdfcca67343de52c60d510a98.jpg,14,0.5417,0.5435,0.6021,0.6718,0.9608
000446_jpg.rf.6c9f95ad6ab51802829691fd907953e2.jpg,7,0.6439,0.4901,0.4379,0.634,0.9608
000684_jpg.rf.da8d58e5754b48f640c2521ce190912e.jpg,12,0.3744,0.4507,0.5782,0.7194,0.9608
00005_00014_00017_png.rf.ed92831e745be7167ec08c3f6d416b7d.jpg,12,0.5142,0.4887,0.6611,0.699,0.9605
road64_png.rf.bf315b45291d211d2e01926d50ddfddf.jpg,14,0.5443,0.4726,0.7885,0.9045,0.9603
000129_jpg.rf.549b104a7fd5f8171f046d77ca7ddae7.jpg,9,0.6464,0.5353,0.5323,0.5571,0.96
001035_jpg.rf.8bb44e874531b88eb7bdff9082c78a43.jpg,3,0.6122,0.4411,0.3873,0.5385,0.9599
road585_png.rf.9f55a59547b49a85d4b9012e0f24859c.jpg,12,0.5009,0.319,0.1347,0.1021,0.9599
00014_00007_00013_png.rf.bd8b36832e03b17e904c7a1a33f8937e.jpg,14,0.5272,0.5264,0.7395,0.755,0.9597
000629_jpg.rf.7fc79b6ca0f85116dc5588dd6869900c.jpg,12,0.4498,0.3407,0.4523,0.3081,0.9596
001028_jpg.rf.7a77036407cf037c2415b436fde7826b.jpg,3,0.7402,0.2148,0.1158,0.1584,0.9594
000079_jpg.rf.4f001472f7893131e04b4bc151a1bbe6.jpg,7,0.4821,0.4247,0.4391,0.6166,0.9593
00007_00002_00021_png.rf.3e8282102bcbc3465886670d060ce78f.jpg,3,0.5153,0.5247,0.7727,0.7746,0.9592
00014_00010_00017_png.rf.10f5ad5e297030721e4521481f8ca702.jpg,14,0.5089,0.5175,0.7759,0.7761,0.9592
00014_00023_00018_png.rf.7f4df748842e9a2b90d343c5612ff812.jpg,14,0.515,0.5123,0.7683,0.7541,0.9592
000130_jpg.rf.21da097324e3450bb8ab634399961e84.jpg,9,0.4918,0.3689,0.2455,0.1604,0.9591
000338_jpg.rf.69f491edc3091d390af673d2da54e080.jpg,10,0.2368,0.159,0.0726,0.1318,0.9591
000003_jpg.rf.8511b9c219dbf9799a6d58900b15917d.jpg,7,0.5003,0.4813,0.4529,0.6239,0.959
000191_jpg.rf.055356915ad47ae7e1c0ded839d6c748.jpg,9,0.6867,0.4172,0.3535,0.5048,0.959
001436_jpg.rf.cc8f571352da66682260166ac2086168.jpg,5,0.7032,0.4541,0.3741,0.5952,0.9589
road743_png.rf.09b77e4a47a21b7c3482c28b37c86ecb.jpg,5,0.271,0.3783,0.0908,0.0713,0.9585
001031_jpg.rf.2b5fd42d6b8a7d445183a468803e57b9.jpg,3,0.5413,0.3501,0.1803,0.2741,0.9583
001059_jpg.rf.2b325fd15e28d0c622610dea63c2c12f.jpg,3,0.2574,0.5837,0.1859,0.2865,0.9582
00007_00029_00014_png.rf.cc543e257165aa17476435f594aa76d1.jpg,3,0.5329,0.5131,0.6574,0.6569,0.9581
road112_png.rf.b765c2b5d3a2145d317b0ceadfb08464.jpg,5,0.5128,0.307,0.3211,0.5007,0.9579
000736_jpg.rf.228d17ea85d8e4b2f1fd5a1fec7582d9.jpg,13,0.4437,0.2545,0.2442,0.1572,0.9578
00014_00003_00007_png.rf.4a4b5bfabfe079ec34b2bf1142a0461b.jpg,14,0.5149,0.492,0.7392,0.7678,0.9577
00014_00011_00027_png.rf.c81a4600612fc1eb5cc21661de7ef62b.jpg,14,0.5014,0.5065,0.7955,0.7786,0.9577
road691_png.rf.3ca3931933e5623e51596577124c3447.jpg,3,0.5007,0.5449,0.1596,0.1134,0.9577
001482_jpg.rf.c040f508e60b3a870f5f5fc8b9b017d2.jpg,5,0.5133,0.3446,0.3195,0.6123,0.9576
FisheyeCamera_1_00000_png.rf.51e7c2d131818f5ac51613cb3d152380.jpg,14,0.6044,0.5438,0.0214,0.0296,0.9573
road822_png.rf.b3ba7f5457042a083bad8aac3fe5f819.jpg,14,0.4547,0.27,0.2019,0.1599,0.9573
00005_00001_00016_png.rf.da02434245fde3214475aa75e6d4e2b6.jpg,12,0.5191,0.5572,0.5784,0.6108,0.9572
000841_jpg.rf.82ac37a263cc3771094f878f75519d3c.jpg,7,0.7132,0.6141,0.2799,0.4246,0.9572
road661_png.rf.9b3a953ded6512ace828850f97be4472.jpg,8,0.5151,0.6425,0.2483,0.197,0.9567
road794_png.rf.3569e6160a38765029861dd0a34ebfdd.jpg,13,0.4443,0.6089,0.2014,0.1557,0.9567
00004_00039_00028_png.rf.b088fe4f42e92367b13ca2fe401844ac.jpg,11,0.5191,0.4955,0.7655,0.7632,0.9566
000626_jpg.rf.844a2fbefbe88499e977a640a50441c8.jpg,12,0.5088,0.2493,0.2055,0.3737,0.9566
000198_jpg.rf.9f156753fda46dd6fe9848a1440afd1b.jpg,9,0.4089,0.4596,0.2499,0.3796,0.9564
00007_00040_00027_png.rf.8479c71333ccd871fbed5311de8ceaf8.jpg,3,0.5317,0.5181,0.6756,0.6817,0.9563
00001_00032_00012_png.rf.e30cf3974f41a7316dff0477b7c4c589.jpg,7,0.5011,0.5402,0.6677,0.68,0.9562
001281_jpg.rf.b8a22407e4c52a0704d45a8b32965f9b.jpg,4,0.4999,0.4891,0.7019,0.9356,0.9562
road619_png.rf.afe775af026ad763791eed33be445f64.jpg,8,0.5273,0.4356,0.1681,0.1321,0.9562
00014_00001_00019_png.rf.b23da2fc3bd75fcd44441c5f1e724952.jpg,14,0.5152,0.5141,0.7948,0.8153,0.9561
000163_jpg.rf.55c9537881a01c071eb6c3b46008b884.jpg,9,0.1885,0.1457,0.3391,0.2746,0.9559
00008_00020_00007_png.rf.956ee64b06ed8ea4354a07ebb0c979a1.jpg,5,0.5381,0.5349,0.5727,0.5799,0.9558
00007_00028_00022_png.rf.6c2e0f03a47cf5fa2fabb3ecec47124a.jpg,3,0.5348,0.5357,0.705,0.758,0.9557
00004_00002_00014_png.rf.66ae4730024327a8ff79210c980a4667.jpg,11,0.5092,0.5182,0.6765,0.6752,0.9554
00014_00005_00004_png.rf.a5fc79eb6e949f3b096df8ccc70d188f.jpg,14,0.5254,0.5259,0.7638,0.7772,0.9554
FisheyeCamera_1_00005_png.rf.2c3a5ef517c817ce7872439ac76a7c08.jpg,14,0.644,0.5392,0.0287,0.0422,0.9554
00004_00009_00021_png.rf.0f8628e061118cfeaad9228b32489e7c.jpg,11,0.4913,0.5425,0.6636,0.6543,0.9553
001407_jpg.rf.70ca057de423bef18930dd5f47b975d7.jpg,5,0.2226,0.2099,0.2234,0.3366,0.9552
00007_00043_00010_png.rf.b292148f880510d6254fec1a3d3bed44.jpg,3,0.5112,0.5208,0.6133,0.6137,0.9551
00008_00009_00012_png.rf.fa47f1ade7b6ffafc8c23e106e4ec0a9.jpg,5,0.5216,0.5169,0.5835,0.5906,0.9551
000500_jpg.rf.b742528d52c611a0eb6f2d0453a3c81a.jpg,11,0.8222,0.4411,0.0908,0.1302,0.9551
000670_jpg.rf.9b82f265d8e858e1ac239f550bb09315.jpg,12,0.7878,0.2544,0.2548,0.3617,0.9551
000015_jpg.rf.1c60d15418d0291507def26c241ed27e.jpg,7,0.2571,0.3729,0.3973,0.4655,0.9548
road459_png.rf.90e8843192d53e6f83e48ef5a09736a3.jpg,12,0.483,0.4416,0.2132,0.1695,0.9547
00004_00022_00020_png.rf.56c34e7fb6ec15747810e3706fb11e4a.jpg,11,0.5201,0.5126,0.6014,0.6042,0.9545
000680_jpg.rf.10f9a8b0c68fd4c3a3f991673e8be240.jpg,12,0.789,0.3184,0.311,0.4063,0.9545
000599_jpg.rf.87f4886233a457df94743a34ee410218.jpg,12,0.81,0.2458,0.3088,0.4636,0.9544
00014_00012_00028_png.rf.7e4a7979b1766d76ca5628991607b48c.jpg,14,0.5197,0.5199,0.7868,0.7803,0.9543
000006_jpg.rf.89610ec419ccfab22f8314026b90ee26.jpg,7,0.3769,0.1658,0.2727,0.3315,0.9541
road59_png.rf.f43173a745a9712aebbbc8f919e0fff6.jpg,14,0.6968,0.4996,0.4735,0.6224,0.9541
000091_jpg.rf.9762d3529d876b77e9d99aa8027e449c.jpg,7,0.4742,0.4982,0.5345,0.7753,0.954
00014_00009_00014_png.rf.5998ff1f31bd52e787eaa23bb04f06d2.jpg,14,0.5132,0.5141,0.7462,0.7407,0.954
000289_jpg.rf.5bcff3507297a43a567fd64d593fd533.jpg,8,0.4935,0.2774,0.4887,0.3076,0.9537
00004_00030_00010_png.rf.c35b9a70b784be1bcd6b28d9ac1e12f5.jpg,11,0.5391,0.4997,0.5734,0.5733,0.9535
road573_png.rf.692497fab5c04bfffa1d5f4b2b285213.jpg,8,0.3788,0.6569,0.2962,0.2333,0.9535
road104_png.rf.4468adcd7c2dcfc04377146de785c0a6.jpg,11,0.4874,0.4969,0.7166,0.8761,0.9532
road876_png.rf.723330bcac2a5e357c0a325590dbff3c.jpg,8,0.4801,0.3654,0.2223,0.1698,0.9529
00001_00031_00011_png.rf.d92d0588e5bfd7f8ced37d558e0efd54.jpg,7,0.5406,0.4996,0.5622,0.599,0.9528
00001_00022_00001_png.rf.f68bab926df5c93b7a8baf9d168955d1.jpg,7,0.5243,0.524,0.6212,0.5553,0.9527
00014_00004_00010_png.rf.d35020e5fb797eed8b025b0dca4fe434.jpg,14,0.5169,0.5412,0.7448,0.7141,0.9527
00014_00008_00013_png.rf.a9f7b30283b689f1a5808560a69c0f7c.jpg,14,0.5086,0.5321,0.6727,0.7052,0.9526
00002_00028_00013_png.rf.4c1b88702f75ba47a05c979c6a1a24af.jpg,9,0.5297,0.5139,0.6431,0.6388,0.9525
00002_00065_00005_png.rf.f156b51c34d4fe59f4f1981ecab62ed0.jpg,9,0.5167,0.5241,0.6701,0.7096,0.9523
182a7c98-60cb-46a4-a89b-ad3500515c3a_jpg.rf.2a5a1477064c1cd7dbe34e2e9a982a9e.jpg,0,0.5007,0.4886,0.927,0.9771,0.952
road260_png.rf.47ad1e33078da07b4bf3b0e5712c926d.jpg,8,0.5426,0.4111,0.223,0.1832,0.952
00000_00000_00024_png.rf.8b21eb79678eed47df52a9ab4319bc08.jpg,6,0.5142,0.5113,0.8257,0.8326,0.9519
000300_jpg.rf.5013849426466f43fb71333c9d7e208b.jpg,10,0.2926,0.6723,0.2413,0.3806,0.9516
00004_00010_00020_png.rf.8985cbdd62ef877bd3b91429c517b515.jpg,11,0.5311,0.5073,0.6912,0.6718,0.9515
000558_jpg.rf.40c69cee11121c32100bc0ec9dc29849.jpg,12,0.7932,0.3572,0.3204,0.3918,0.9514
00001_00019_00006_png.rf.ba8186909430430fb44e7eea3282a96b.jpg,7,0.5338,0.5117,0.5936,0.6089,0.9513
000145_jpg.rf.e37be0ff8c6d10e897956e8599346f71.jpg,9,0.4984,0.3863,0.797,0.4999,0.9513
00014_00013_00003_png.rf.774d46f2b5700aec9e78f1959fd3030f.jpg,14,0.5094,0.5381,0.615,0.6194,0.9512
000344_jpg.rf.86a946abb84be97bc833636b8b47b779.jpg,10,0.219,0.4401,0.2407,0.3547,0.9512
001826_JPG_jpg.rf.a805482f1c979ccfd35e378a2d5d78a6.jpg,8,0.1321,0.1101,0.1233,0.198,0.9512
00007_00040_00020_png.rf.845babcc2b4638d89980330cf6c5bcb2.jpg,3,0.5206,0.5088,0.633,0.6466,0.9511
00008_00020_00015_png.rf.1815b3c75c86dd9d26141470c0c8542b.jpg,5,0.5206,0.5207,0.5242,0.5392,0.9511
road351_png.rf.917ea4e951348855c275b66bb4d890ad.jpg,8,0.5049,0.3825,0.2533,0.1982,0.9511
00002_00029_00020_png.rf.92b3fdd9df0a753fcf7dd9e098f54ca5.jpg,9,0.4928,0.5159,0.7433,0.7365,0.951
00014_00001_00011_png.rf.3484d601f5012f5329eece492b0e69fa.jpg,14,0.5277,0.531,0.6906,0.739,0.951
098904b8-c355-46e6-b644-52387480db96_jpg.rf.ed1b718605fa48e5c0cfbc438da6d050.jpg,0,0.5207,0.5241,0.7399,0.9149,0.951
b413caec-028d-48e6-922b-fc63db1b7ebb_jpg.rf.259a6b31980f35168c8ec00a5e80c263.jpg,0,0.5107,0.4855,0.7141,0.8762,0.9507
road743_png.rf.09b77e4a47a21b7c3482c28b37c86ecb.jpg,3,0.2589,0.4836,0.0927,0.0711,0.9506
00008_00004_00016_png.rf.3ba26e964ab9827715594ec40609937e.jpg,5,0.5206,0.523,0.6546,0.7027,0.9505
000361_jpg.rf.373518288e417cc551b309d3533c6d0f.jpg,10,0.668,0.4437,0.3503,0.4985,0.9505
00004_00052_00016_png.rf.bfe7cf72a069a7a4347a21a300041156.jpg,11,0.531,0.5034,0.6072,0.6012,0.9502
00008_00019_00004_png.rf.b716b893116e783e1bd33e79d972b5ae.jpg,5,0.5349,0.5453,0.5675,0.5922,0.9502
00007_00041_00000_png.rf.45f1f53954863a0d12d1cd00c092939b.jpg,3,0.5553,0.5391,0.5529,0.5662,0.9501
00004_00059_00010_png.rf.501920c3ea0f3537120f7b2835fcdc82.jpg,11,0.5013,0.5154,0.6038,0.6237,0.95
000713_jpg.rf.ea540b12ec46dd3f2dad786ab321c3a3.jpg,7,0.5273,0.4563,0.3222,0.241,0.95
000069_jpg.rf.24da8297fff40a7760a8751ac763b821.jpg,7,0.4389,0.4551,0.3215,0.4896,0.9499
000815_jpg.rf.29afabe5f464c19bf77856ba5a90bd1e.jpg,8,0.6422,0.5741,0.2183,0.3126,0.9499
00014_00004_00020_png.rf.e3b35f3ca153fde99af4db4a67d2a564.jpg,14,0.5126,0.5174,0.7894,0.7839,0.9498
00003_00045_00010_png.rf.1eb0ead62274ff3e76b12140d0f4399b.jpg,10,0.5385,0.5367,0.5979,0.5962,0.9497
00002_00065_00004_png.rf.dd58840a036850f03da5f6bbdd1940d2.jpg,9,0.5263,0.5468,0.6734,0.7364,0.9496
000512_jpg.rf.e2e180ced9b44c98c59556fef04838bd.jpg,11,0.3788,0.4697,0.5651,0.6953,0.9496
27beeb65-e6ea-4c4a-9dea-597500f26e7f_jpg.rf.29ca4c588d77178889b70d59993eb0ff.jpg,0,0.565,0.4639,0.7582,0.868,0.9496
00001_00030_00008_png.rf.f42a5ab100ba2300ff2ef3273198a629.jpg,7,0.5311,0.5311,0.5551,0.6669,0.9495
000080_jpg.rf.254656b428b79e343e536f6ee51a24fc.jpg,7,0.7366,0.3775,0.3492,0.4861,0.9494
000223_jpg.rf.dbc866e5b7c69cf418e6bcca0e66e50b.jpg,8,0.6465,0.4396,0.5766,0.7465,0.9494
000822_jpg.rf.63b8e6ec737487b4e7e9e2ed48754226.jpg,13,0.6476,0.7369,0.1059,0.1578,0.9492
road277_png.rf.3f53c2534447d823337f731b63c65c75.jpg,8,0.6617,0.3236,0.1907,0.1446,0.9492
road314_png.rf.697a2d138347ee6ee2da288b2ffe8e9d.jpg,8,0.476,0.4908,0.1804,0.1424,0.9492
road65_png.rf.35a17912d8a5df128c238eff97db75eb.jpg,14,0.5176,0.4547,0.4567,0.3049,0.9492
00001_00011_00006_png.rf.b3c9ed7b58e8b06312406f5fb6ecb9cd.jpg,7,0.514,0.5286,0.6424,0.6145,0.9491
000076_jpg.rf.0066537c077a3d460d354c5de1fef980.jpg,7,0.6037,0.4361,0.1459,0.2037,0.9491
00014_00003_00001_png.rf.54c82cd619fe6dfe68ff0e9d0de201bd.jpg,14,0.5328,0.5173,0.6892,0.7134,0.9491
000443_jpg.rf.a212d740b71445278e52aec90cdd3e47.jpg,7,0.613,0.3099,0.2602,0.3859,0.9491
00004_00046_00013_png.rf.6c04ac5c1dc478a3d929f9f1446d90b0.jpg,11,0.5092,0.5137,0.6586,0.6366,0.949
00005_00056_00008_png.rf.ce009bd4c68dbecc1d8f76f80550034d.jpg,12,0.5257,0.5353,0.6148,0.6353,0.949
000220_jpg.rf.07bc310baa1bbe3fe3ba7117b874ff64.jpg,8,0.5161,0.3674,0.3917,0.2548,0.9487
000595_jpg.rf.5b549a5e1f209899e21445383698e00d.jpg,12,0.7001,0.6874,0.3919,0.6022,0.9486
00004_00035_00005_png.rf.b222e7d3ff032a58afdfb10ad73d6911.jpg,11,0.5242,0.5198,0.5473,0.5371,0.9485
00014_00013_00001_png.rf.e01f34bee93788d71a9ca127de49b201.jpg,14,0.5073,0.5223,0.5606,0.5518,0.9485
00004_00037_00007_png.rf.223e842f5027e61ac59e32979ca930d6.jpg,11,0.531,0.5119,0.5811,0.5612,0.9484
000654_jpg.rf.d267c50f2def671a3af6c7816a990548.jpg,12,0.4544,0.3741,0.18,0.2805,0.9483
road94_png.rf.77920ec51ee4fe99a6fb6f8d99f67954.jpg,14,0.5112,0.5137,0.5242,0.5788,0.9483
00003_00044_00011_png.rf.9f723b9e228efc8339bf51faa590a58e.jpg,10,0.5471,0.5444,0.5675,0.5678,0.9482
00014_00001_00009_png.rf.e13fd9f6dce4c523d54929047f528a21.jpg,14,0.518,0.5256,0.6799,0.69,0.9482
000174_jpg.rf.4f68fb9dc24d6b51af78e847b1e30c10.jpg,9,0.6048,0.3963,0.28,0.4182,0.948
00001_00033_00010_png.rf.4b1b4602c3c04f4aa72ce1f952cce126.jpg,7,0.5176,0.5138,0.612,0.603,0.9478
000238_jpg.rf.dd14162743767963400cffffaea73ac9.jpg,8,0.6466,0.4825,0.5887,0.9473,0.9478
001608_JPG_jpg.rf.7d48153578ad316231c6c992263ac497.jpg,1,0.4594,0.1365,0.1435,0.0784,0.9478
00000_00005_00027_png.rf.397ea37e7f1f7c3029ef77da37b4d73a.jpg,6,0.5087,0.5042,0.8066,0.8166,0.9477
road851_png.rf.30b2392d540fed2bdafd783c8defefb9.jpg,12,0.4149,0.3209,0.0702,0.0557,0.9477
000041_jpg.rf.89c814e3db33e70112e3447d54bb42c6.jpg,7,0.5387,0.3125,0.263,0.4635,0.9476
000359_jpg.rf.767bed64e2ff0d34ec7b1db1d0e6c398.jpg,10,0.6606,0.4187,0.3211,0.4846,0.9476
00002_00000_00008_png.rf.fef84220cd4e8886da3b88267904e21d.jpg,9,0.535,0.5027,0.6708,0.7546,0.9475
00004_00038_00023_png.rf.d7f850098ec568f71506f85f920d6eb3.jpg,11,0.4921,0.5157,0.6715,0.6963,0.9475
000729_jpg.rf.7b1a28094ac79f94f38e0ca9d4037037.jpg,12,0.8626,0.2417,0.2719,0.4208,0.9475
00002_00017_00020_png.rf.1a27fc5910f7ff6cd9e5ecad10609fe4.jpg,9,0.5118,0.5115,0.7022,0.7169,0.9474
00004_00036_00014_png.rf.de499ca97d9e6307ab9f8e859dd43336.jpg,11,0.517,0.5161,0.6685,0.684,0.9474
road353_png.rf.deb497f4908212e3409c887fbb0544df.jpg,8,0.4456,0.4978,0.2031,0.146,0.9474
00004_00036_00029_png.rf.f55502d5bebf262101364b930e187143.jpg,11,0.5023,0.5061,0.7979,0.7998,0.9473
00007_00016_00010_png.rf.06129e0dcd04b8601e57009dce36f893.jpg,3,0.5303,0.508,0.641,0.6434,0.9472
00008_00045_00006_png.rf.04585cc625839dc38c94a4357ec9d19c.jpg,5,0.5277,0.5156,0.6123,0.6356,0.9472
00001_00023_00007_png.rf.f20610daefe32091399ce0ee1b9799f6.jpg,7,0.5702,0.5686,0.539,0.5973,0.947
000086_jpg.rf.b654137b1cae075367f483dd2b5bac85.jpg,7,0.3216,0.4861,0.4314,0.6018,0.947
00014_00010_00014_png.rf.3f9712dbd32c574c45bf9dbb8517dd9f.jpg,14,0.5212,0.5346,0.7962,0.7919,0.947
000175_jpg.rf.3690880bd7e62c2260306322a3762cc7.jpg,9,0.6052,0.4017,0.2784,0.4253,0.947
00004_00044_00016_png.rf.21f8e05be871f651648f89b58c3f20c7.jpg,11,0.5275,0.505,0.6828,0.6741,0.9469
00008_00012_00022_png.rf.a76810c64a1c1a3def5cc808bb562890.jpg,5,0.5177,0.5113,0.7227,0.7196,0.9469
00004_00050_00020_png.rf.5b1bab0bf6b9284c2c1cffcbe35b12ed.jpg,11,0.4987,0.5276,0.6256,0.6183,0.9468
00001_00042_00000_png.rf.ac8cef49708d26776dd018e63c08ee29.jpg,7,0.5177,0.532,0.5597,0.5976,0.9467
000287_jpg.rf.a4143ed52df9779f0f27104daf6a8762.jpg,14,0.3435,0.472,0.4139,0.5302,0.9466
road355_png.rf.c43f3ac674a10af91051d8cb228747ad.jpg,8,0.4156,0.3744,0.1815,0.1346,0.9466
000684_jpg.rf.da8d58e5754b48f640c2521ce190912e.jpg,12,0.8301,0.1906,0.2009,0.2539,0.9465
00003_00026_00011_png.rf.33d98e9ee599a39d6f2b819682707a5a.jpg,10,0.5336,0.5403,0.5638,0.5963,0.9463
00004_00004_00006_png.rf.779cd44893dd231e6e05b680dc9bef9a.jpg,11,0.4967,0.5004,0.67,0.6857,0.9462
00005_00044_00001_png.rf.b18c5a51d57be6cfa719c741ecba5d63.jpg,12,0.5265,0.5175,0.592,0.6357,0.9462
00008_00003_00002_png.rf.70816dfa48b29ed84d1abcb9bb09bf70.jpg,5,0.5729,0.5426,0.5229,0.5176,0.9462
road859_png.rf.f0e4bbd39d237c79817d4ade35676364.jpg,13,0.4693,0.4062,0.0827,0.0621,0.9462
00001_00068_00007_png.rf.4bb41a90249c981be7a87239ef7d4288.jpg,7,0.4839,0.5186,0.5744,0.5655,0.946
road466_png.rf.d57ae6325b53f1b11ebb16fbfefd48e0.jpg,12,0.3664,0.2502,0.2749,0.2071,0.946
00001_00066_00015_png.rf.e1adfeb91011dcf5d548147d1acc30eb.jpg,7,0.4856,0.5161,0.732,0.7544,0.9459
road488_png.rf.d96ab5854f2c6a2137b4005752cadeec.jpg,12,0.6735,0.3599,0.1233,0.0974,0.9457
00003_00044_00013_png.rf.24a211df9596dccf36b448483be5f663.jpg,10,0.5399,0.5142,0.6033,0.6058,0.9456
00008_00007_00010_png.rf.d2dc382f864442f6d8551cc9f41e0bc7.jpg,5,0.5663,0.5172,0.5813,0.5878,0.9456
00001_00020_00009_png.rf.70d380dd904a8b782ac06daf41622bc8.jpg,7,0.4838,0.5093,0.6887,0.7804,0.9455
00001_00035_00012_png.rf.ef688824fa8eae681376cbaa7708a2dd.jpg,7,0.5317,0.5348,0.6277,0.5971,0.9453
00002_00016_00002_png.rf.c2bf6b0c65f3f2b845d281aef33328e0.jpg,9,0.5212,0.5366,0.6025,0.6312,0.9448
00004_00003_00014_png.rf.fbd79a43c27ae3464c7be84d785ed5e2.jpg,11,0.5474,0.5126,0.6201,0.5973,0.9448
000287_jpg.rf.a4143ed52df9779f0f27104daf6a8762.jpg,8,0.7606,0.3554,0.2731,0.3404,0.9448
00004_00004_00009_png.rf.fc4e5787fbeb0511656710884dc88284.jpg,11,0.5333,0.515,0.6694,0.6875,0.9446
road506_png.rf.7a13ac3369dd9c4a13997267c82b32a6.jpg,12,0.3114,0.6744,0.2325,0.1811,0.9446
00001_00059_00004_png.rf.74b0bb0dc2200bf50c665e4b2017a9cf.jpg,7,0.5365,0.5132,0.6383,0.6562,0.9445
00003_00046_00010_png.rf.891f75f30b9f3db0a566b63a5d08287f.jpg,10,0.5267,0.5061,0.6185,0.6196,0.9444
00004_00060_00021_png.rf.eb99d667b724b14132452c88d3674738.jpg,11,0.5195,0.5249,0.681,0.6822,0.9443
000797_jpg.rf.3d78d9d11140e03357ddde30e7e7e98e.jpg,7,0.5237,0.4608,0.3263,0.597,0.9443
00001_00010_00010_png.rf.0c717d1fcb47c63dc21133891c67058d.jpg,7,0.5465,0.5385,0.5879,0.625,0.9442
000769_jpg.rf.1df4a76b3e7055f19fd63f71a3d4ab3f.jpg,13,0.7877,0.4993,0.2803,0.2133,0.9442
00000_00005_00016_png.rf.80996367c51768326648d4c53f8a1e63.jpg,6,0.5231,0.4896,0.6515,0.6999,0.9441
00001_00033_00013_png.rf.7df949e59990e9dabfbc631176beada9.jpg,7,0.5584,0.5653,0.6257,0.6478,0.944
00008_00034_00008_png.rf.811d6bdaab24c4e03281dd023835def5.jpg,5,0.5377,0.503,0.5841,0.5776,0.9437
00001_00029_00011_png.rf.8778f18a5af227481b72a0bd897cb144.jpg,7,0.5385,0.5284,0.6516,0.6528,0.9433
00004_00038_00011_png.rf.e8a8cb47ee1d09d447e63dd630056862.jpg,11,0.5024,0.4949,0.5357,0.5561,0.9427
00004_00030_00003_png.rf.31ed58359e92300b61de2440b5f38d1a.jpg,11,0.5444,0.5421,0.5463,0.5224,0.9426
000695_jpg.rf.5433ef9bdff69bb898a98f69af622064.jpg,12,0.2223,0.3232,0.1982,0.2904,0.9423
000507_jpg.rf.cef3041f8b255c4cea0070fe8e2c04e4.jpg,11,0.6711,0.3475,0.3463,0.274,0.9422
road322_png.rf.6028574359019d435c66689704d0418f.jpg,8,0.4262,0.4508,0.1489,0.1594,0.9421
00002_00010_00029_png.rf.526a5527eafd2cdc74e872afe9fb8276.jpg,9,0.4868,0.5146,0.7563,0.8322,0.942
00003_00044_00003_png.rf.2b73723d27b25434c3de6ca04adbe574.jpg,10,0.5467,0.5268,0.4976,0.475,0.942
road856_png.rf.c56e130a9afef0aa81d3359ce467f4b1.jpg,12,0.5073,0.2307,0.1452,0.1145,0.942
00000_00002_00026_png.rf.092c69361ef48fd43b479aa48fc829d9.jpg,6,0.5073,0.5061,0.7886,0.791,0.9419
00014_00006_00015_png.rf.5cb649de18ff690e33a86445aca080dd.jpg,14,0.5259,0.5294,0.719,0.7378,0.9418
road487_png.rf.dc7045b0bb497d4a44959dc9f8466232.jpg,12,0.5752,0.4242,0.1085,0.0849,0.9417
001449_jpg.rf.4b8f2718b90c8c6cf89ccf753d5b575a.jpg,5,0.8845,0.2397,0.2309,0.3308,0.9416
road320_png.rf.65f55afb9e0eb549cb01be72786c8b42.jpg,8,0.613,0.5989,0.1589,0.1209,0.9416
000121_jpg.rf.c26ea4c0be18ece889414f12976c49f2.jpg,9,0.502,0.2522,0.2399,0.3426,0.9415
road747_png.rf.66031af78137deac5c6878292d9ce7db.jpg,3,0.8793,0.6286,0.2374,0.1841,0.9415
road85_png.rf.86fab2367257fba23a95cad102a7dd82.jpg,14,0.5225,0.5413,0.4807,0.3624,0.9415
000656_jpg.rf.2bfcb3a401a6cd59986f442316903cca.jpg,12,0.8489,0.345,0.2261,0.233,0.9412
00004_00038_00016_png.rf.91ed21fee2978def3dd315ee735fc1c0.jpg,11,0.5248,0.4885,0.5871,0.6228,0.9411
road842_png.rf.eaef28c5ea8a82fe3cfba78634bebf18.jpg,12,0.3331,0.4449,0.1654,0.1275,0.9411
00008_00011_00006_png.rf.416887ff8fd6e24fc585ce1838c632a4.jpg,5,0.5012,0.5371,0.5451,0.5557,0.941
00014_00009_00009_png.rf.b4d1b6a8d582e147ba85747dd85cc451.jpg,14,0.5343,0.5226,0.6326,0.6437,0.9409
00002_00063_00008_png.rf.42b7f6b82f752ce45b8a4128928bea6b.jpg,9,0.5303,0.5322,0.5771,0.5741,0.9408
00003_00002_00023_png.rf.4d47dbf061aedff7277a91be6a5bbc6b.jpg,10,0.534,0.5336,0.7395,0.7413,0.9408
00003_00010_00012_png.rf.992b5dc958856171d8218c027b672b12.jpg,10,0.4921,0.4991,0.6044,0.6085,0.9408
00014_00022_00002_png.rf.067f3be88afec79842f718b26732c307.jpg,14,0.5257,0.5035,0.6301,0.6479,0.9405
000488_jpg.rf.39fb3e780926eca95137e27b755f19af.jpg,11,0.6868,0.6427,0.3618,0.2392,0.9405
00014_00007_00006_png.rf.d3261be1ac6d7605e46470fb8e4940f4.jpg,14,0.5136,0.5176,0.6466,0.6569,0.9404
00014_00024_00018_png.rf.1b7a484113cbc1f29d56a8f50156948a.jpg,14,0.5254,0.5345,0.7543,0.7339,0.9404
00008_00007_00009_png.rf.8289199643586993b107ff888e950eab.jpg,5,0.5892,0.5194,0.5867,0.5891,0.9403
00001_00038_00013_png.rf.9bea2c6ade7591cafa7a3ee2d6447b63.jpg,7,0.5097,0.4961,0.5975,0.6062,0.9402
road491_png.rf.878b3a369b2f57b3edeb679ff3e03c23.jpg,12,0.5732,0.403,0.1962,0.1515,0.9402
001000_jpg.rf.55d2c5392c587e099e386a6406bff14f.jpg,3,0.2076,0.2827,0.2098,0.3786,0.9401
road629_png.rf.79a049eae4f765c580544c533220d5f5.jpg,9,0.6637,0.3767,0.338,0.2673,0.9401
00001_00021_00006_png.rf.c24e2e36491660b540a9b81687c16bc3.jpg,7,0.532,0.5485,0.5622,0.5997,0.94
00014_00007_00002_png.rf.280a89db2cae24714734ae7f443731ba.jpg,14,0.5137,0.5173,0.6066,0.6094,0.9398
road804_png.rf.c07a9b7b679e771fad740f296ee3a8f7.jpg,3,0.6548,0.4914,0.1263,0.0968,0.9397
road339_png.rf.a176f5700f7182473dd4c3a268ebcbbd.jpg,14,0.4968,0.263,0.3767,0.2833,0.9396
00008_00014_00012_png.rf.a62ba5f792b061df92e0177a04931c7b.jpg,5,0.5072,0.5251,0.6485,0.6025,0.9391
00002_00004_00025_png.rf.088e01a14aec1e026c95b0b5ab8b08ec.jpg,9,0.5184,0.5213,0.7834,0.7824,0.939
000478_jpg.rf.ea1348c002d93944315cd4db7cccc0ed.jpg,11,0.6792,0.3533,0.1948,0.2953,0.939
00004_00049_00008_png.rf.92e7b20cb3ae99c683fc6a1a09ce836b.jpg,11,0.5389,0.5103,0.5694,0.5551,0.9388
001465_jpg.rf.82e271056e453a4f123033b7db486d63.jpg,5,0.4732,0.3279,0.5879,0.6217,0.9388
road400_png.rf.03186a0125d7e8f9ccbad9322201c91a.jpg,3,0.6325,0.5605,0.1529,0.1169,0.9388
road196_png.rf.6aa5da1b76ad6487d317d27963cc00d1.jpg,8,0.5624,0.3196,0.2223,0.1647,0.9387
00002_00011_00028_png.rf.4b4e80fab739c206b44c9d195a2f08e0.jpg,9,0.5018,0.4927,0.6939,0.7773,0.9384
000239_jpg.rf.9c2470be6d2e5443f4db1ababb992587.jpg,8,0.5225,0.3484,0.5647,0.4221,0.9378
000231_jpg.rf.71b28020e16b2c6b5aa86d24726609c8.jpg,8,0.5022,0.7828,0.2129,0.138,0.9376
00000_00005_00025_png.rf.f6c63209955abab1fc2ea39248553192.jpg,6,0.5209,0.5094,0.7672,0.8244,0.9375
00001_00021_00007_png.rf.7054b7fcb56980bcabcf57e0f1cb9182.jpg,7,0.5375,0.5029,0.5743,0.6236,0.9373
00001_00065_00006_png.rf.161dc86f1aaaf56ceadeedb9920c11ec.jpg,7,0.5645,0.5053,0.6269,0.6111,0.9373
00001_00038_00012_png.rf.769276765c04567a8afdd2300298c7cb.jpg,7,0.4926,0.4908,0.5818,0.5836,0.9372
00002_00032_00021_png.rf.45636f29d1c772fb421d516a9741145a.jpg,9,0.495,0.5392,0.6419,0.6788,0.9372
00003_00000_00008_png.rf.976bc2ecdc3e69167320fc22712ec43d.jpg,10,0.5195,0.4882,0.5924,0.6004,0.9369
00001_00006_00004_png.rf.d10a2232f001894c293a3899de728cad.jpg,7,0.5269,0.5288,0.7385,0.7591,0.9366
00014_00001_00006_png.rf.98b02c00237d76518ece14a1bdc194e9.jpg,14,0.5178,0.5161,0.6342,0.653,0.9366
000495_jpg.rf.62cc333852734fdf12c38fb00d5a8273.jpg,11,0.2279,0.5146,0.2732,0.4362,0.9365
00001_00028_00017_png.rf.ff6c0bf1f57a58c63e706c5a59b9b55e.jpg,7,0.5176,0.4746,0.6795,0.7749,0.9363
001656_JPG_jpg.rf.193bed9f1b03b8c4d46254c930216604.jpg,1,0.4887,0.1718,0.2644,0.1183,0.9362
00002_00000_00005_png.rf.6a3d73b59a12500d97c5ad071900f3e8.jpg,9,0.5224,0.5143,0.6393,0.7377,0.9357
00003_00042_00029_png.rf.d0d6dd339d2be42128efbae34d3f541a.jpg,10,0.4982,0.5059,0.7368,0.7244,0.9357
00002_00015_00017_png.rf.81a2cb9a7cc2d150109c3af756943d8e.jpg,9,0.501,0.5174,0.7366,0.7437,0.9354
00005_00003_00012_png.rf.77d9df57d17122641644da65c80d2f0e.jpg,12,0.5322,0.5455,0.6349,0.6563,0.9353
road554_png.rf.534262cf45c8f7f6ad9e709bfa74bd81.jpg,8,0.3833,0.7114,0.1751,0.1349,0.9352
00004_00006_00002_png.rf.e126eb56f28cf1c98809239babe89334.jpg,11,0.5234,0.5304,0.5725,0.569,0.935
000689_jpg.rf.e7eb671b04e54cabccbc491dc3087e13.jpg,12,0.498,0.4898,0.3274,0.5814,0.935
00000_00006_00022_png.rf.8a9524bcedd0aa85d431b5314bdaf179.jpg,6,0.5125,0.5135,0.7475,0.7405,0.9349
00000_00006_00022_png.rf.ac6d1330d86c61ae4067afdd3a258ab3.jpg,6,0.5125,0.5135,0.7475,0.7405,0.9349
00001_00060_00007_png.rf.1bf10fd8b24b215fba58ab5975968559.jpg,7,0.5047,0.5386,0.6803,0.6922,0.9348
road822_png.rf.b3ba7f5457042a083bad8aac3fe5f819.jpg,1,0.4788,0.5575,0.1351,0.2736,0.9346
00000_00004_00027_png.rf.339c3f63582ed2785e9d0740821e561e.jpg,6,0.5195,0.5277,0.8169,0.8227,0.9345
001465_jpg.rf.82e271056e453a4f123033b7db486d63.jpg,5,0.8834,0.6837,0.2253,0.2944,0.9345
00000_00006_00021_png.rf.ceba1690308218617be309fd8dd38971.jpg,6,0.5149,0.5137,0.7471,0.7363,0.9344
00002_00006_00028_png.rf.70f98b1fc1d0c548e37ffe7968c81a40.jpg,9,0.4918,0.524,0.7126,0.7906,0.934
road288_png.rf.db64fffa70c02e58aabcbb10e3a19798.jpg,8,0.3971,0.4727,0.1131,0.0869,0.934
00008_00006_00026_png.rf.cb433297defc6e2a91fd89685c39f39f.jpg,5,0.5205,0.5401,0.6989,0.7087,0.9337
00003_00014_00015_png.rf.4a4854b32d96279361db09f8b4d4bbcf.jpg,10,0.5536,0.5398,0.6119,0.6405,0.9336
road850_png.rf.74fa86d3aaa9d85f0c87bf9bb5ce433e.jpg,12,0.2958,0.3306,0.062,0.0452,0.9334
000295_jpg.rf.3940d624bf6e15926480dad000dd8fa4.jpg,8,0.5325,0.7131,0.501,0.3447,0.9333
00002_00057_00023_png.rf.c8c4e00edf84e93fdca59e89ca4480e8.jpg,9,0.511,0.5206,0.7701,0.7693,0.9332
00000_00005_00000_png.rf.4b0a9b1409c4ee2cc880aa6e173d5e0e.jpg,6,0.5306,0.5186,0.5566,0.5628,0.9329
000464_jpg.rf.e5b8f6d9c318c1ad7e34ee049bd64988.jpg,11,0.3179,0.284,0.2862,0.5298,0.9328
00001_00063_00003_png.rf.e87ae69015487ca78a229870bc3ed27f.jpg,7,0.5745,0.5706,0.5901,0.6443,0.9326
00004_00032_00009_png.rf.ea892d563594cad9d6d9ae8e8c9e9780.jpg,11,0.515,0.4985,0.5982,0.5823,0.9322
00008_00043_00018_png.rf.cb403d912587a88325e095df6ab3f1df.jpg,5,0.5329,0.5517,0.6359,0.6918,0.9321
00008_00005_00014_png.rf.31eccab502c0a10e9e32f0718618105e.jpg,5,0.522,0.5083,0.6741,0.6654,0.932
000117_jpg.rf.c63f6b715b912a6e219500db2c4dd6fc.jpg,9,0.3914,0.4488,0.293,0.1972,0.9318
000836_jpg.rf.c262dc2f875c2d27c5358091bec7f23c.jpg,13,0.88,0.1361,0.1383,0.2559,0.9316
00000_00001_00021_png.rf.beb4a4004ddd09e998abac6f77de0322.jpg,6,0.5242,0.5123,0.7021,0.7363,0.9315
000178_jpg.rf.0b4d8766b1bfcd897098e2f8b9bbe5d1.jpg,9,0.4739,0.5087,0.7674,0.5452,0.9315
00014_00013_00000_png.rf.230606f2f715a2bde5a237acafa3604b.jpg,14,0.5089,0.5784,0.6137,0.493,0.9314
001642_JPG_jpg.rf.1501f63859c8183e7b273ed3f677bb80.jpg,1,0.4212,0.1016,0.1955,0.1042,0.9308
road254_png.rf.5ed92d428851755882973a8e28944076.jpg,8,0.4426,0.2416,0.1529,0.1172,0.9307
road62_png.rf.b3288434b3cf3e2b6d2f057c1f5a0502.jpg,14,0.6378,0.3936,0.3259,0.2265,0.9304
00003_00038_00015_png.rf.68af73eb3c3267953582146c619d7c25.jpg,10,0.5413,0.5077,0.6458,0.6637,0.93
000644_jpg.rf.e150fedf356c73b528bb6943f267e094.jpg,12,0.3764,0.2101,0.3314,0.2075,0.9298
road323_png.rf.b843dd95b3d22917710ac75cca4a57b0.jpg,14,0.5653,0.4159,0.2488,0.1837,0.9298
00000_00003_00015_png.rf.a18e8c7a509b0f5f98fe6221bac9aee4.jpg,6,0.5308,0.5362,0.6819,0.6992,0.9295
00003_00044_00020_png.rf.dc91d31ec81c700753fe335f3fc42cf8.jpg,10,0.5341,0.5205,0.6992,0.7016,0.9293
00002_00000_00016_png.rf.5c98b3aeaa1ebc1ebc1afb2b2e8d9750.jpg,9,0.5007,0.5131,0.7091,0.7929,0.9291
00003_00040_00029_png.rf.7d37fc566ece4627cb04b2b8d32dc473.jpg,10,0.5239,0.5197,0.6714,0.6762,0.9289
00002_00017_00026_png.rf.0e0c876d62e868e7b8bbea45c2854b90.jpg,9,0.498,0.5143,0.7685,0.8137,0.9284
00003_00036_00017_png.rf.8ac2d0085877d733785436132fdc938e.jpg,10,0.5167,0.5003,0.6752,0.6407,0.9281
road576_png.rf.f46db39f9f64118df1377c6196897c25.jpg,8,0.2556,0.3319,0.127,0.0937,0.9281
road470_png.rf.7670afafae0b681bed4d7bd1ce2f1775.jpg,12,0.3257,0.5432,0.1836,0.1447,0.928
00004_00052_00006_png.rf.17e668414f18071d605e3327513528de.jpg,11,0.5468,0.549,0.5518,0.5081,0.9278
00000_00000_00017_png.rf.6c2381a6a103a041f23159fbd44868ed.jpg,6,0.5314,0.5289,0.7401,0.7253,0.927
road666_png.rf.7d914d9d62e7d0fcc23d5bce18bb5d3c.jpg,10,0.5557,0.6935,0.3606,0.2881,0.927
road393_png.rf.4fe43a89433923b9841d1435d98c4aae.jpg,3,0.5455,0.6782,0.1129,0.0859,0.9263
00001_00020_00001_png.rf.558285df18ab5e029ed28ae9b0442173.jpg,7,0.4737,0.5331,0.623,0.7658,0.926
road402_png.rf.8b57601c39d08578c3fba71d26f6dd1a.jpg,13,0.4226,0.6592,0.114,0.0864,0.9256
00000_00006_00004_png.rf.f3eaa594302a3387574994936ac8af80.jpg,6,0.5002,0.5114,0.5812,0.6052,0.9254
road289_png.rf.ba6012fe8a27d9f53d8d66bb29db5ad8.jpg,14,0.3465,0.4564,0.2753,0.2148,0.925
00007_00041_00002_png.rf.02df629489fd7c902fdbd6c1dd2f78ae.jpg,3,0.5489,0.5247,0.5549,0.5524,0.9244
000512_jpg.rf.e2e180ced9b44c98c59556fef04838bd.jpg,11,0.8312,0.1989,0.199,0.2486,0.9238
00000_00006_00014_png.rf.c18a9a99443ea933a462c18e7d9cc035.jpg,6,0.5133,0.4902,0.6934,0.6854,0.9235
00000_00000_00021_png.rf.0803f8eb5b4566c44100cfef9d0bfa8e.jpg,6,0.5269,0.5374,0.7769,0.8016,0.9233
00005_00016_00001_png.rf.fabe47d765e1b050e861dbb93b32167e.jpg,12,0.5379,0.5408,0.575,0.5771,0.9231
road321_png.rf.f9c13308da074b8ee78f43f6c7ea54f3.jpg,8,0.5173,0.4813,0.1364,0.1039,0.9229
road655_png.rf.ff15054285f0f0f70cd01a48ab24b450.jpg,10,0.2969,0.5625,0.0675,0.0515,0.9224
00000_00003_00003_png.rf.cb1242e3f504fdf75084201d1d568a93.jpg,6,0.5389,0.566,0.5553,0.5462,0.9221
00001_00006_00026_png.rf.49d271a1ad59fd8fc3022b9d27fd55e2.jpg,7,0.5092,0.5058,0.7867,0.828,0.9221
road720_png.rf.bdc71460f5121259128f84a720780e9e.jpg,8,0.3797,0.5204,0.0903,0.0707,0.9219
00003_00034_00015_png.rf.16921ba926f31008a26ba58d2337527f.jpg,10,0.4981,0.5136,0.6676,0.6613,0.9218
00005_00056_00012_png.rf.1125a7436050023f0b75206acb088f2a.jpg,12,0.5009,0.5249,0.6145,0.6194,0.9218
00003_00027_00025_png.rf.4c1fd45a0b5f0f724237f83b7d47c499.jpg,10,0.532,0.5076,0.7398,0.7649,0.9217
00000_00002_00012_png.rf.d345a307460a0fa32e159261cffa0e88.jpg,6,0.5201,0.5177,0.6094,0.6295,0.9215
000833_jpg.rf.a774fb7c4620c050e43d66a0062137af.jpg,11,0.7382,0.4452,0.075,0.1548,0.9215
00000_00002_00015_png.rf.9c6647dad127ad8ea26b08ef5e31f15f.jpg,6,0.5357,0.5246,0.6808,0.6786,0.9211
00000_00006_00009_png.rf.69ada07a494f34af78f9cbb977bb1fe7.jpg,6,0.522,0.5292,0.6601,0.6475,0.9211
00000_00006_00009_png.rf.abb45158e58a911f6eb8f4784f718205.jpg,6,0.522,0.5292,0.6601,0.6475,0.9211
00000_00001_00013_png.rf.c2367f9d1b377597b2cc3706b70fa818.jpg,6,0.5175,0.5313,0.6416,0.6557,0.9209
00003_00026_00022_png.rf.f67190b7724f3871c19569e098d5cc02.jpg,10,0.5322,0.508,0.6654,0.699,0.9209
road596_png.rf.11f43967e3d8f54a7c94b5810f527f23.jpg,12,0.5062,0.3862,0.1105,0.0871,0.9205
road865_png.rf.d20a4a3f4030905929c2739f03eba9b8.jpg,10,0.5817,0.2563,0.1114,0.0852,0.9204
00000_00000_00013_png.rf.9076cbfc7f7811fa22547539a7e7ac02.jpg,6,0.5368,0.5016,0.6951,0.71,0.9202
000261_jpg.rf.7c97ab6d968e742c9cc124edd2630e3c.jpg,8,0.5025,0.2555,0.433,0.2892,0.92
00000_00000_00006_png.rf.9d1ea68507aff6973a1dbcdc6f4422a8.jpg,6,0.5277,0.555,0.5977,0.597,0.9198
00000_00003_00019_png.rf.d5f22619ed92e72b6d2ed7150b2db7c3.jpg,6,0.5215,0.5139,0.7241,0.7207,0.9186
00000_00003_00011_png.rf.7d5f2a85458f70654be03f2a2cd47c06.jpg,6,0.5349,0.5203,0.6141,0.6279,0.9185
00003_00002_00016_png.rf.f31757e4e66bdf3dd7c10888f14ba7c6.jpg,10,0.5473,0.5045,0.649,0.6954,0.9182
00003_00038_00026_png.rf.a69d0576816db3c4d315d0dce5b99721.jpg,10,0.5164,0.5062,0.7899,0.8065,0.9182
00000_00001_00008_png.rf.936b0185c3b9131c96d42d60a5da1abb.jpg,6,0.5318,0.5367,0.6047,0.6153,0.9178
000649_jpg.rf.f86b7d2974091d1956dedec6e79cbf61.jpg,12,0.278,0.1678,0.113,0.1578,0.9177
road836_png.rf.05522d5697471753f15583e9c74d9908.jpg,12,0.5872,0.3872,0.1952,0.1503,0.9168
001631_JPG_jpg.rf.18c57a703b3f30d8e2b21868d3657b5d.jpg,1,0.4403,0.0719,0.1698,0.0794,0.9164
00000_00001_00020_png.rf.4fc3ed0f124f480c5152a541fff2dbf7.jpg,6,0.5358,0.5,0.6909,0.7091,0.9163
00000_00001_00020_png.rf.af293e6651965d897c75935cf2084f7d.jpg,6,0.5358,0.5,0.6909,0.7091,0.9163
road84_png.rf.3c4a24183c70e3af08fc01ae65761c88.jpg,14,0.4961,0.298,0.254,0.1786,0.9163
00003_00045_00019_png.rf.3120c19400c889f8dfd507e2f6f16995.jpg,10,0.5143,0.5207,0.7242,0.7151,0.9161
000475_jpg.rf.b44fe1a1d53315f7ff81d3bea0277189.jpg,11,0.5858,0.2097,0.2876,0.3489,0.9161
road459_png.rf.90e8843192d53e6f83e48ef5a09736a3.jpg,1,0.4216,0.8772,0.1392,0.2456,0.9158
road519_png.rf.aa9e93bebe13bca1fd49aa4b08f47354.jpg,12,0.5799,0.4705,0.0898,0.068,0.9157
00001_00025_00025_png.rf.9556a94e4da441bd05e548d86099c3c0.jpg,7,0.5134,0.5139,0.7675,0.7898,0.9155
00003_00036_00028_png.rf.b1c4322c721873c9caa6ed9fd25eeb07.jpg,10,0.5054,0.4905,0.7768,0.7875,0.9154
00003_00036_00028_png.rf.b3b837a4ff3803383e94a13fe8fc748b.jpg,10,0.5054,0.4905,0.7768,0.7875,0.9154
road466_png.rf.d57ae6325b53f1b11ebb16fbfefd48e0.jpg,0,0.3237,0.8016,0.1729,0.3657,0.9153
000735_jpg.rf.8927d1a7914f3b404d59d7afb8238ce4.jpg,13,0.5413,0.2855,0.2073,0.3621,0.9148
00000_00005_00003_png.rf.df858754a637fecb106924e9bc47a832.jpg,6,0.5563,0.525,0.5402,0.5806,0.9147
road582_png.rf.930fbae49546d10b46e1f533c4e0a291.jpg,1,0.6455,0.6222,0.0532,0.1063,0.9133
09282467-3e63-4506-9252-a0fd5b913deb_jpg.rf.7c3a79616a712d7b1f231bc9108d8db7.jpg,0,0.501,0.4787,0.7428,0.8038,0.9131
road453_png.rf.2ac6332c02e34b01f38bd0daf2dee199.jpg,10,0.4464,0.4788,0.2817,0.2254,0.9128
00000_00003_00005_png.rf.91e4d86cd4241911356889c94ae3f5ee.jpg,6,0.5334,0.5349,0.5613,0.5747,0.9127
00000_00003_00017_png.rf.cb107aac6c3f74cfb122de76625c4abc.jpg,6,0.5066,0.5148,0.7257,0.7009,0.9119
2257b962-595c-43ae-8f0d-575f1b55beb8_jpg.rf.d8ba84a72e00584f12f54d3cf03c8dc0.jpg,0,0.5548,0.4956,0.5327,0.8425,0.9118
00000_00000_00008_png.rf.ff305dcd6e9ceb9188937311a4a1b207.jpg,6,0.512,0.5099,0.6502,0.6481,0.9113
00001_00064_00019_png.rf.135e30aa3fe9209e095eb3ff5e304ebb.jpg,7,0.5294,0.492,0.6949,0.729,0.91
00000_00000_00005_png.rf.ab60a274676963d378f5014e89d9e2b1.jpg,6,0.533,0.526,0.6139,0.6254,0.9094
1141c383-3413-40a0-a550-7253129d4a4a_jpg.rf.5d2d3eba0b2dbca166bc5c51fe7e607d.jpg,0,0.5936,0.4971,0.6754,0.8078,0.9092
road872_png.rf.d95002240567bc0114365d0ba181071f.jpg,8,0.3361,0.5497,0.1058,0.0835,0.9091
000147_jpg.rf.bca55a14814a6d3a2554145932eb5490.jpg,9,0.514,0.1549,0.3654,0.1518,0.9088
00000_00000_00003_png.rf.d18afc3c9625ffb1974029d3e3762aee.jpg,6,0.519,0.5027,0.5698,0.5805,0.9075
000204_jpg.rf.0ea9da72e384254681f268a305a35eb6.jpg,8,0.4541,0.5006,0.4551,0.5537,0.9075
000722_jpg.rf.9bee48a5dc22112fb5a705192fd54d45.jpg,8,0.5013,0.6268,0.1619,0.1978,0.9066
000466_jpg.rf.f609fd155d77826a456bb83ec2fba973.jpg,11,0.5029,0.4432,0.3287,0.2023,0.9061
24085f02-5dde-4b59-ad8e-887935bd08e1_jpg.rf.d216c61af0d1adf927b98f242a4fe85f.jpg,0,0.4777,0.5001,0.7579,0.9687,0.9058
00003_00035_00028_png.rf.ee8da916ee92d6dc7e62eedaf09a79e4.jpg,10,0.5074,0.4894,0.7621,0.7771,0.9055
10a18f3d-79d7-447f-ab9e-6de78b09477f_jpg.rf.8ce6805731f28537f453028a8d5a4885.jpg,1,0.5572,0.4665,0.8306,0.8861,0.9047
00000_00001_00016_png.rf.2818a0160369aa9d2465007de479d6d3.jpg,6,0.5202,0.5123,0.6522,0.6531,0.9044
000711_jpg.rf.0a584e00809f5da1be911472ba1f8e7b.jpg,13,0.9194,0.5968,0.0642,0.1097,0.9043
000514_jpg.rf.b0d6f6a9a9a1c36ac223b9185a3cfed6.jpg,11,0.714,0.2621,0.0823,0.1075,0.9028
000763_jpg.rf.6018d10dd3889ec0579a386c052fb6ff.jpg,13,0.4619,0.3213,0.0857,0.1506,0.9028
001607_JPG_jpg.rf.a6dcbc5ecd7c2ef807a4bce512a054a0.jpg,1,0.3837,0.1506,0.0966,0.0541,0.9021
08724eba-901b-4e19-883d-1cc236532391_jpg.rf.58818e500202bb38a13268b4cd2c4f4a.jpg,0,0.5834,0.5629,0.4813,0.8013,0.9002
001660_JPG_jpg.rf.41a9573c77f81a1dc9e669467db98386.jpg,1,0.3352,0.0852,0.1493,0.0783,0.8987
000635_jpg.rf.add3c9544fc93e8ad88fcb67fbb714cb.jpg,13,0.4926,0.1645,0.1055,0.1403,0.8983
0629fae7-2357-4fa2-a599-750358cf7e2e_jpg.rf.363911291d5f6f7fe0e031331fd7e4e9.jpg,0,0.5152,0.5371,0.7851,0.8092,0.898
000790_jpg.rf.ddb1d679830f7cafbcbec2013a6ff2fc.jpg,13,0.7641,0.0949,0.2343,0.163,0.8972
000938_JPG_jpg.rf.bf51e9c0b4a1d133c3e73bf56c2d2062.jpg,0,0.3619,0.1938,0.1137,0.0593,0.8949
001606_JPG_jpg.rf.acbfc805c9e8ea9791185014645390c2.jpg,1,0.6757,0.153,0.1879,0.0858,0.8936
001833_JPG_jpg.rf.b6092f0bd597484bb9c205017e5c389f.jpg,0,0.5365,0.2441,0.2406,0.0877,0.8931
000566_jpg.rf.85d938d7ad9b91799d8732111b98cc79.jpg,12,0.3978,0.2246,0.1813,0.2907,0.8925
001623_JPG_jpg.rf.8777c38ac6d8aebbc4c5524393a8ce83.jpg,1,0.2944,0.0917,0.1119,0.0599,0.8918
001826_JPG_jpg.rf.a805482f1c979ccfd35e378a2d5d78a6.jpg,0,0.5549,0.1937,0.2198,0.0983,0.8889
00001_00014_00020_png.rf.dae49e781829147dd4dfd5b4812d0068.jpg,7,0.5077,0.5209,0.8147,0.8216,0.8885
001019_jpg.rf.c53eaf43c583c2bdb0f57c91179329f9.jpg,0,0.1651,0.1351,0.0247,0.1166,0.8881
road157_png.rf.e48c88408b366592b950018ee5d6426d.jpg,8,0.7244,0.2064,0.1175,0.0898,0.8879
000736_jpg.rf.228d17ea85d8e4b2f1fd5a1fec7582d9.jpg,11,0.4529,0.418,0.2469,0.1564,0.8871
0866866d-298d-4bff-afa0-6456ad7fd807_jpg.rf.3bcf97c79a92aac15ad03419bbadf199.jpg,1,0.4287,0.4824,0.5425,0.9111,0.8867
road86_png.rf.618acea5b57f584ad3cf0c2ddd8be8b3.jpg,14,0.4963,0.5092,0.2729,0.3988,0.8851
001813_JPG_jpg.rf.2a732d7bc29b893c586a2bebea876f72.jpg,1,0.0784,0.9327,0.1201,0.1043,0.8821
road312_png.rf.ad2229fb2f7e136d7747b9568f121af4.jpg,8,0.2922,0.3752,0.5083,0.5559,0.8764
road388_png.rf.cc49d1d1343172eaa95da35bf070a7d3.jpg,13,0.5384,0.3835,0.1121,0.0807,0.8749
road604_png.rf.78092f95d0c775d7e2b266dee85e6c5d.jpg,12,0.3324,0.2941,0.1487,0.1195,0.8724
643854b9-b9d9-4b74-99fb-830fde4a0b74_jpg.rf.4d252deec56db095b1acab7c1c0f1bdc.jpg,1,0.5427,0.4999,0.6827,0.871,0.872
road841_png.rf.7ddce1ff42545b101a28f63e6a1e5af7.jpg,12,0.4277,0.4075,0.1301,0.1001,0.8715
001654_JPG_jpg.rf.e26100131533da63b018a72fab6586e3.jpg,1,0.377,0.098,0.142,0.0614,0.871
001624_JPG_jpg.rf.a3a7ed1ca4bdc41789b882fe5d7e3e94.jpg,1,0.5383,0.1425,0.1185,0.0609,0.8703
000267_jpg.rf.45d318ba9ef48ae9327bb408eb24438e.jpg,8,0.6668,0.5002,0.2889,0.1778,0.8694
road16_png.rf.9aba07c7ac70aab405028e7e8a750fb7.jpg,1,0.586,0.2548,0.0391,0.1505,0.8691
00000_00005_00009_png.rf.318081408daa3bd6bd66422e94bd3dca.jpg,6,0.5358,0.5157,0.6098,0.6303,0.8683
0023f366-a173-4ba7-952c-63f5698c022d_jpg.rf.9edd5a29eae0884e275e51ee445d1a10.jpg,1,0.5762,0.5182,0.6783,0.8568,0.8659
001478_jpg.rf.b4a8c8adb59b1bfeb056f275a7e9c785.jpg,5,0.4314,0.2996,0.7119,0.4514,0.8638
road709_png.rf.4247ab0b03caf6c144ac9d5203850b81.jpg,3,0.4851,0.5937,0.0767,0.0563,0.8635
000700_jpg.rf.4abc8faa3c8f0970d53095fa9218cf8a.jpg,3,0.9101,0.5485,0.0801,0.1238,0.8586
road19_png.rf.05e1657af2361aab3c4d5deb43b29087.jpg,0,0.4088,0.318,0.0735,0.1313,0.8564
001662_JPG_jpg.rf.97c2b266f1a788361d25be2305f03736.jpg,1,0.3544,0.1886,0.0886,0.0567,0.8543
000514_jpg.rf.b0d6f6a9a9a1c36ac223b9185a3cfed6.jpg,4,0.7137,0.2626,0.0819,0.1078,0.8537
001051_jpg.rf.bb8152d7d7c35ed73bfc9239185f9087.jpg,3,0.2526,0.2723,0.0663,0.099,0.8536
road673_png.rf.4180f0a6afa7416d52c729d8b9305d75.jpg,14,0.3326,0.4484,0.067,0.0488,0.8535
road652_png.rf.e82e3cfaed8d2378962fd6c1380f5d02.jpg,8,0.4797,0.4566,0.0622,0.0464,0.853
001700_JPG_jpg.rf.4f29277e7dfa7365978e572fe9f9eee3.jpg,1,0.561,0.1107,0.1716,0.0588,0.8504
000753_jpg.rf.23d05489386c3399c5d26ac779015d26.jpg,13,0.6481,0.7372,0.1066,0.1532,0.848
FisheyeCamera_1_00471_png.rf.eb0a04fb4ec3ae41bf4b96e27bd5d26d.jpg,0,0.5205,0.4589,0.03,0.0894,0.8478
000946_JPG_jpg.rf.d747fd05b21ff8ac85c05629986ae344.jpg,0,0.4008,0.2215,0.1062,0.05,0.8457
0590a57d-491c-4322-b287-594d5511e79b_jpg.rf.654f0a4f98fad473e55cc437d1c9d902.jpg,0,0.4882,0.5622,0.5916,0.8045,0.8446
001449_jpg.rf.4b8f2718b90c8c6cf89ccf753d5b575a.jpg,11,0.3301,0.7047,0.3539,0.5569,0.8392
00002_00007_00012_png.rf.cda4cec2b68cd6819ec43a7799d667a5.jpg,9,0.5315,0.5118,0.6209,0.6733,0.839
001860_JPG_jpg.rf.6e8d22dbd246ecfaf521fbb30ff5e2fe.jpg,0,0.5248,0.2625,0.1785,0.0925,0.8373
FisheyeCamera_1_00476_png.rf.9039468fbc1dab58476b697e479807f8.jpg,0,0.5344,0.389,0.0566,0.1493,0.8359
001918_jpg.rf.cf4263574ace70aef2c9045b9cde5a85.jpg,6,0.5098,0.746,0.2342,0.3044,0.8353
001019_jpg.rf.c53eaf43c583c2bdb0f57c91179329f9.jpg,0,0.558,0.1111,0.0276,0.1126,0.8332
road314_png.rf.697a2d138347ee6ee2da288b2ffe8e9d.jpg,8,0.1716,0.7131,0.0826,0.0676,0.8324
road653_png.rf.a69e562a3dab509d536c1f6d7689c4de.jpg,8,0.5718,0.573,0.0687,0.055,0.8301
000899_JPG_jpg.rf.44b9967b6405c6ad4f9ad7dfa2ad610d.jpg,0,0.6485,0.3163,0.0995,0.0425,0.8266
00000_00006_00000_png.rf.89204de3eb332a0f1dfbdbfeed2c4f19.jpg,6,0.4909,0.5486,0.4367,0.5669,0.8258
001830_JPG_jpg.rf.80271bce54a1933c1c80ae661932ee2f.jpg,1,0.4388,0.1213,0.0973,0.0397,0.8182
FisheyeCamera_1_00476_png.rf.9039468fbc1dab58476b697e479807f8.jpg,0,0.2497,0.4023,0.0402,0.1258,0.8139
000954_JPG_jpg.rf.2633035aaeb19e6f2005bf2f8f5d3ebd.jpg,0,0.4727,0.2492,0.1298,0.0569,0.8135
001409_jpg.rf.03a314500608050ad90ed1c849fb18db.jpg,5,0.6384,0.4641,0.0762,0.1153,0.8117
00001_00010_00003_png.rf.7aafa0add84d32dae0f70c72f29be839.jpg,7,0.5277,0.566,0.537,0.5332,0.8099
000897_JPG_jpg.rf.d8616645e7ae5a674caf3f2e17dab345.jpg,0,0.5021,0.1562,0.1462,0.0677,0.8097
000985_JPG_jpg.rf.858faffcae4167e233b829d2f744f34f.jpg,0,0.3195,0.1134,0.1304,0.0509,0.8077
000944_JPG_jpg.rf.a0b81118199b4d11ccb859c15d0cb1f6.jpg,0,0.2922,0.1017,0.1571,0.0658,0.8067
000934_JPG_jpg.rf.81031f117e2b4ac8b19c0cbe3bdd1d99.jpg,0,0.3908,0.1613,0.1186,0.0541,0.8061
b413caec-028d-48e6-922b-fc63db1b7ebb_jpg.rf.259a6b31980f35168c8ec00a5e80c263.jpg,0,0.1656,0.3753,0.331,0.7423,0.8048
000831_jpg.rf.09392428bf69f0de8c937caec3590319.jpg,7,0.5073,0.3864,0.0826,0.1695,0.8018
000866_JPG_jpg.rf.585d575b53d2e6e316c8abb2d07e4c17.jpg,0,0.3694,0.286,0.106,0.0433,0.8014
001619_JPG_jpg.rf.1640a48f199bbe32ee72dc83a24e1521.jpg,1,0.2475,0.1135,0.1106,0.0467,0.7998
road422_png.rf.9b9d58bbb154a5b030ff2addac608ef8.jpg,12,0.3579,0.5352,0.0576,0.046,0.7972
road109_png.rf.c7fd39b9ac59c325ec73dc6b5ece99fd.jpg,8,0.6503,0.5134,0.0767,0.1113,0.7966
000994_jpg.rf.a4d87f8cd54a7a19e0081461e279a335.jpg,0,0.4575,0.8619,0.0328,0.1349,0.7958
FisheyeCamera_1_00230_png.rf.0abfb32b639a38aefee3263df7d3733e.jpg,1,0.716,0.4533,0.0315,0.0203,0.7957
road28_png.rf.d0de3563c76ae8b60ecdaf41757d472b.jpg,1,0.4488,0.079,0.0391,0.1355,0.7956
000908_JPG_jpg.rf.d4876c6a6657b36ba6b1c1626df8123d.jpg,0,0.2007,0.16,0.1039,0.0587,0.794
080e28db-6b07-4f03-a3c3-0803f43cc2ea_jpg.rf.8db090c85fe85dbff2c2f30a30efb0e1.jpg,1,0.5584,0.5078,0.5079,0.9188,0.7938
000966_JPG_jpg.rf.87fa55fbebc4989000b890b88765c712.jpg,0,0.2666,0.1249,0.093,0.0539,0.7919
000945_JPG_jpg.rf.ad79e318355923e68a10f1678fe9b6bf.jpg,0,0.5273,0.6041,0.1468,0.0572,0.7915
000941_JPG_jpg.rf.9afc696caf8c7db27bf2134dd5660a27.jpg,0,0.3691,0.1783,0.1008,0.0475,0.791
000703_jpg.rf.2999e1a86a880c30b97644b227648d36.jpg,13,0.4998,0.3734,0.5035,0.5765,0.789
FisheyeCamera_1_00230_png.rf.de641278e85b0675e5c4ec40b2fdf74f.jpg,10,0.3139,0.5234,0.0233,0.0361,0.7888
FisheyeCamera_1_00230_png.rf.0abfb32b639a38aefee3263df7d3733e.jpg,1,0.5524,0.4391,0.0434,0.0262,0.7877
001049_jpg.rf.e527b2a1edfb88b1fbfb9542d33a9a27.jpg,0,0.5558,0.1693,0.0216,0.0788,0.7869
road654_png.rf.dccac1ff09c216df1ecd3c90e1d3923b.jpg,8,0.4242,0.4996,0.0811,0.0624,0.7812
0313fdea-c8b1-458b-adac-adcb4aac3622_jpg.rf.78780f33ec642080187f26937e8005be.jpg,1,0.5655,0.5334,0.6673,0.81,0.7803
000944_JPG_jpg.rf.a0b81118199b4d11ccb859c15d0cb1f6.jpg,0,0.4495,0.3823,0.0749,0.0355,0.7744
000286_jpg.rf.48a1be45c5db5656f2bacf687164c529.jpg,9,0.3785,0.4823,0.4642,0.8603,0.774
001982_jpg.rf.6d24adf886f0c39c03910738d4ecc170.jpg,1,0.7681,0.2586,0.0905,0.2412,0.7739
000946_jpg.rf.18bf1b977f56cc49545942b86ac7c739.jpg,0,0.5231,0.8456,0.0256,0.1022,0.7735
000923_JPG_jpg.rf.f4e893778e08329a2b43abaef002f29e.jpg,0,0.3093,0.249,0.0795,0.0408,0.7734
001051_jpg.rf.bb8152d7d7c35ed73bfc9239185f9087.jpg,12,0.6908,0.2635,0.0621,0.0966,0.7702
000945_JPG_jpg.rf.ad79e318355923e68a10f1678fe9b6bf.jpg,0,0.9275,0.8496,0.0494,0.0267,0.77
000941_JPG_jpg.rf.9afc696caf8c7db27bf2134dd5660a27.jpg,0,0.1938,0.3154,0.0713,0.0314,0.7697
001051_jpg.rf.bb8152d7d7c35ed73bfc9239185f9087.jpg,3,0.4712,0.2665,0.0643,0.0978,0.7655
000989_JPG_jpg.rf.190d2ec887677882e3d1c869a542aa26.jpg,0,0.4173,0.1602,0.1916,0.0852,0.764
001606_JPG_jpg.rf.acbfc805c9e8ea9791185014645390c2.jpg,1,0.1194,0.5064,0.0758,0.038,0.7639
000854_JPG_jpg.rf.c2dbb2abedf6e49d74effc7a8945ed99.jpg,0,0.0355,0.4183,0.071,0.0437,0.7636
000867_JPG_jpg.rf.0961b153fd2cdd7f71455ca70b9226fc.jpg,0,0.3734,0.1149,0.1431,0.0569,0.7624
001833_JPG_jpg.rf.b6092f0bd597484bb9c205017e5c389f.jpg,1,0.5367,0.2448,0.2434,0.0933,0.7581
FisheyeCamera_1_00211_png.rf.4d937346689834589353be2d154dc924.jpg,0,0.5764,0.085,0.0574,0.0375,0.7579
road640_png.rf.d095777d03f03f86a0b6b1f5b32dfdd5.jpg,9,0.2407,0.4873,0.0664,0.0512,0.7557
000854_JPG_jpg.rf.c2dbb2abedf6e49d74effc7a8945ed99.jpg,0,0.8368,0.3056,0.077,0.0368,0.7542
000000.jpg,0,0.5,0.5,0.15,0.15,0.75
000000.jpg,0,0.5,0.5,0.15,0.15,0.75
000000.jpg,0,0.5,0.5,0.15,0.15,0.75
000000.jpg,1,0.5,0.5,0.15,0.15,0.75
000000.jpg,1,0.5,0.5,0.15,0.15,0.75
000000.jpg,1,0.5,0.5,0.15,0.15,0.75
000000.jpg,1,0.5,0.5,0.15,0.15,0.75
000000.jpg,1,0.5,0.5,0.15,0.15,0.75
000000.jpg,1,0.5,0.5,0.15,0.15,0.75
000000.jpg,1,0.5,0.5,0.15,0.15,0.75
000000.jpg,1,0.5,0.5,0.15,0.15,0.75
000000.jpg,1,0.5,0.5,0.15,0.15,0.75
000000.jpg,1,0.5,0.5,0.15,0.15,0.75
000000.jpg,1,0.5,0.5,0.15,0.15,0.75
000000.jpg,1,0.5,0.5,0.15,0.15,0.75
000000.jpg,1,0.5,0.5,0.15,0.15,0.75
000000.jpg,1,0.5,0.5,0.15,0.15,0.75
000000.jpg,1,0.5,0.5,0.15,0.15,0.75
000000.jpg,1,0.5,0.5,0.15,0.15,0.75
000000.jpg,1,0.5,0.5,0.15,0.15,0.75
000000.jpg,1,0.5,0.5,0.15,0.15,0.75
000000.jpg,1,0.5,0.5,0.15,0.15,0.75
000000.jpg,1,0.5,0.5,0.15,0.15,0.75
000000.jpg,1,0.5,0.5,0.15,0.15,0.75
000000.jpg,1,0.5,0.5,0.15,0.15,0.75
000000.jpg,1,0.5,0.5,0.15,0.15,0.75
000000.jpg,1,0.5,0.5,0.15,0.15,0.75
000000.jpg,1,0.5,0.5,0.15,0.15,0.75
000000.jpg,1,0.5,0.5,0.15,0.15,0.75
000000.jpg,1,0.5,0.5,0.15,0.15,0.75
000000.jpg,1,0.5,0.5,0.15,0.15,0.75
000000.jpg,1,0.5,0.5,0.15,0.15,0.75
000000.jpg,1,0.5,0.5,0.15,0.15,0.75
000000.jpg,1,0.5,0.5,0.15,0.15,0.75
000000.jpg,1,0.5,0.5,0.15,0.15,0.75
000000.jpg,1,0.5,0.5,0.15,0.15,0.75
000000.jpg,1,0.5,0.5,0.15,0.15,0.75
000000.jpg,1,0.5,0.5,0.15,0.15,0.75
000000.jpg,1,0.5,0.5,0.15,0.15,0.75
000000.jpg,1,0.5,0.5,0.15,0.15,0.75
000000.jpg,1,0.5,0.5,0.15,0.15,0.75
000000.jpg,2,0.5,0.5,0.15,0.15,0.75
000000.jpg,2,0.5,0.5,0.15,0.15,0.75
000000.jpg,2,0.5,0.5,0.15,0.15,0.75
000000.jpg,2,0.5,0.5,0.15,0.15,0.75
000000.jpg,2,0.5,0.5,0.15,0.15,0.75
000000.jpg,2,0.5,0.5,0.15,0.15,0.75
000000.jpg,2,0.5,0.5,0.15,0.15,0.75
000000.jpg,2,0.5,0.5,0.15,0.15,0.75
000000.jpg,2,0.5,0.5,0.15,0.15,0.75
000000.jpg,2,0.5,0.5,0.15,0.15,0.75
000000.jpg,2,0.5,0.5,0.15,0.15,0.75
000000.jpg,2,0.5,0.5,0.15,0.15,0.75
000000.jpg,2,0.5,0.5,0.15,0.15,0.75
000000.jpg,2,0.5,0.5,0.15,0.15,0.75
000000.jpg,2,0.5,0.5,0.15,0.15,0.75
000000.jpg,2,0.5,0.5,0.15,0.15,0.75
000000.jpg,2,0.5,0.5,0.15,0.15,0.75
000000.jpg,2,0.5,0.5,0.15,0.15,0.75
000000.jpg,2,0.5,0.5,0.15,0.15,0.75
000000.jpg,2,0.5,0.5,0.15,0.15,0.75
000000.jpg,2,0.5,0.5,0.15,0.15,0.75
000000.jpg,2,0.5,0.5,0.15,0.15,0.75
000000.jpg,2,0.5,0.5,0.15,0.15,0.75
000000.jpg,2,0.5,0.5,0.15,0.15,0.75
000000.jpg,2,0.5,0.5,0.15,0.15,0.75
000000.jpg,2,0.5,0.5,0.15,0.15,0.75
000000.jpg,2,0.5,0.5,0.15,0.15,0.75
000000.jpg,2,0.5,0.5,0.15,0.15,0.75
000000.jpg,2,0.5,0.5,0.15,0.15,0.75
000000.jpg,2,0.5,0.5,0.15,0.15,0.75
000000.jpg,2,0.5,0.5,0.15,0.15,0.75
000000.jpg,2,0.5,0.5,0.15,0.15,0.75
000000.jpg,2,0.5,0.5,0.15,0.15,0.75
000000.jpg,2,0.5,0.5,0.15,0.15,0.75
000000.jpg,2,0.5,0.5,0.15,0.15,0.75
000000.jpg,2,0.5,0.5,0.15,0.15,0.75
000000.jpg,2,0.5,0.5,0.15,0.15,0.75
000000.jpg,2,0.5,0.5,0.15,0.15,0.75
000000.jpg,2,0.5,0.5,0.15,0.15,0.75
000000.jpg,2,0.5,0.5,0.15,0.15,0.75
000000.jpg,2,0.5,0.5,0.15,0.15,0.75
000000.jpg,2,0.5,0.5,0.15,0.15,0.75
000000.jpg,2,0.5,0.5,0.15,0.15,0.75
000000.jpg,2,0.5,0.5,0.15,0.15,0.75
000000.jpg,2,0.5,0.5,0.15,0.15,0.75
000000.jpg,2,0.5,0.5,0.15,0.15,0.75
000000.jpg,2,0.5,0.5,0.15,0.15,0.75
000000.jpg,2,0.5,0.5,0.15,0.15,0.75
000000.jpg,2,0.5,0.5,0.15,0.15,0.75
000000.jpg,2,0.5,0.5,0.15,0.15,0.75
000000.jpg,2,0.5,0.5,0.15,0.15,0.75
000000.jpg,2,0.5,0.5,0.15,0.15,0.75
000000.jpg,2,0.5,0.5,0.15,0.15,0.75
000000.jpg,2,0.5,0.5,0.15,0.15,0.75
000000.jpg,2,0.5,0.5,0.15,0.15,0.75
000000.jpg,2,0.5,0.5,0.15,0.15,0.75
000000.jpg,2,0.5,0.5,0.15,0.15,0.75
000000.jpg,2,0.5,0.5,0.15,0.15,0.75
000000.jpg,2,0.5,0.5,0.15,0.15,0.75
000000.jpg,2,0.5,0.5,0.15,0.15,0.75
000000.jpg,2,0.5,0.5,0.15,0.15,0.75
000000.jpg,2,0.5,0.5,0.15,0.15,0.75
000000.jpg,2,0.5,0.5,0.15,0.15,0.75
000000.jpg,2,0.5,0.5,0.15,0.15,0.75
000000.jpg,2,0.5,0.5,0.15,0.15,0.75
000000.jpg,2,0.5,0.5,0.15,0.15,0.75
000000.jpg,2,0.5,0.5,0.15,0.15,0.75
000000.jpg,2,0.5,0.5,0.15,0.15,0.75
000000.jpg,2,0.5,0.5,0.15,0.15,0.75
000000.jpg,2,0.5,0.5,0.15,0.15,0.75
000000.jpg,2,0.5,0.5,0.15,0.15,0.75
000000.jpg,2,0.5,0.5,0.15,0.15,0.75
000000.jpg,2,0.5,0.5,0.15,0.15,0.75
000000.jpg,2,0.5,0.5,0.15,0.15,0.75
000000.jpg,2,0.5,0.5,0.15,0.15,0.75
000000.jpg,2,0.5,0.5,0.15,0.15,0.75
000000.jpg,2,0.5,0.5,0.15,0.15,0.75
000000.jpg,2,0.5,0.5,0.15,0.15,0.75
000000.jpg,2,0.5,0.5,0.15,0.15,0.75
000000.jpg,2,0.5,0.5,0.15,0.15,0.75
000000.jpg,2,0.5,0.5,0.15,0.15,0.75
000000.jpg,2,0.5,0.5,0.15,0.15,0.75
000000.jpg,2,0.5,0.5,0.15,0.15,0.75
000000.jpg,2,0.5,0.5,0.15,0.15,0.75
000000.jpg,2,0.5,0.5,0.15,0.15,0.75
000000.jpg,2,0.5,0.5,0.15,0.15,0.75
000000.jpg,2,0.5,0.5,0.15,0.15,0.75
000000.jpg,2,0.5,0.5,0.15,0.15,0.75
000000.jpg,2,0.5,0.5,0.15,0.15,0.75
000000.jpg,2,0.5,0.5,0.15,0.15,0.75
000000.jpg,2,0.5,0.5,0.15,0.15,0.75
000000.jpg,2,0.5,0.5,0.15,0.15,0.75
000000.jpg,2,0.5,0.5,0.15,0.15,0.75
000000.jpg,2,0.5,0.5,0.15,0.15,0.75
000000.jpg,2,0.5,0.5,0.15,0.15,0.75
000000.jpg,2,0.5,0.5,0.15,0.15,0.75
000000.jpg,2,0.5,0.5,0.15,0.15,0.75
000000.jpg,2,0.5,0.5,0.15,0.15,0.75
000000.jpg,2,0.5,0.5,0.15,0.15,0.75
000000.jpg,2,0.5,0.5,0.15,0.15,0.75
000000.jpg,3,0.5,0.5,0.15,0.15,0.75
000000.jpg,3,0.5,0.5,0.15,0.15,0.75
000000.jpg,3,0.5,0.5,0.15,0.15,0.75
000000.jpg,3,0.5,0.5,0.15,0.15,0.75
000000.jpg,3,0.5,0.5,0.15,0.15,0.75
000000.jpg,3,0.5,0.5,0.15,0.15,0.75
000000.jpg,3,0.5,0.5,0.15,0.15,0.75
000000.jpg,3,0.5,0.5,0.15,0.15,0.75
000000.jpg,3,0.5,0.5,0.15,0.15,0.75
000000.jpg,3,0.5,0.5,0.15,0.15,0.75
000000.jpg,3,0.5,0.5,0.15,0.15,0.75
000000.jpg,3,0.5,0.5,0.15,0.15,0.75
000000.jpg,3,0.5,0.5,0.15,0.15,0.75
000000.jpg,3,0.5,0.5,0.15,0.15,0.75
000000.jpg,3,0.5,0.5,0.15,0.15,0.75
000000.jpg,3,0.5,0.5,0.15,0.15,0.75
000000.jpg,3,0.5,0.5,0.15,0.15,0.75
000000.jpg,3,0.5,0.5,0.15,0.15,0.75
000000.jpg,3,0.5,0.5,0.15,0.15,0.75
000000.jpg,3,0.5,0.5,0.15,0.15,0.75
000000.jpg,3,0.5,0.5,0.15,0.15,0.75
000000.jpg,3,0.5,0.5,0.15,0.15,0.75
000000.jpg,3,0.5,0.5,0.15,0.15,0.75
000000.jpg,3,0.5,0.5,0.15,0.15,0.75
000000.jpg,3,0.5,0.5,0.15,0.15,0.75
000000.jpg,3,0.5,0.5,0.15,0.15,0.75
000000.jpg,3,0.5,0.5,0.15,0.15,0.75
000000.jpg,3,0.5,0.5,0.15,0.15,0.75
000000.jpg,3,0.5,0.5,0.15,0.15,0.75
000000.jpg,3,0.5,0.5,0.15,0.15,0.75
000000.jpg,3,0.5,0.5,0.15,0.15,0.75
000000.jpg,3,0.5,0.5,0.15,0.15,0.75
000000.jpg,3,0.5,0.5,0.15,0.15,0.75
000000.jpg,3,0.5,0.5,0.15,0.15,0.75
000000.jpg,3,0.5,0.5,0.15,0.15,0.75
000000.jpg,3,0.5,0.5,0.15,0.15,0.75
000000.jpg,3,0.5,0.5,0.15,0.15,0.75
000000.jpg,3,0.5,0.5,0.15,0.15,0.75
000000.jpg,3,0.5,0.5,0.15,0.15,0.75
000000.jpg,3,0.5,0.5,0.15,0.15,0.75
000000.jpg,3,0.5,0.5,0.15,0.15,0.75
000000.jpg,3,0.5,0.5,0.15,0.15,0.75
000000.jpg,3,0.5,0.5,0.15,0.15,0.75
000000.jpg,3,0.5,0.5,0.15,0.15,0.75
000000.jpg,3,0.5,0.5,0.15,0.15,0.75
000000.jpg,3,0.5,0.5,0.15,0.15,0.75
000000.jpg,3,0.5,0.5,0.15,0.15,0.75
000000.jpg,3,0.5,0.5,0.15,0.15,0.75
000000.jpg,3,0.5,0.5,0.15,0.15,0.75
000000.jpg,3,0.5,0.5,0.15,0.15,0.75
000000.jpg,4,0.5,0.5,0.15,0.15,0.75
000000.jpg,4,0.5,0.5,0.15,0.15,0.75
000000.jpg,4,0.5,0.5,0.15,0.15,0.75
000000.jpg,4,0.5,0.5,0.15,0.15,0.75
000000.jpg,4,0.5,0.5,0.15,0.15,0.75
000000.jpg,4,0.5,0.5,0.15,0.15,0.75
000000.jpg,4,0.5,0.5,0.15,0.15,0.75
000000.jpg,4,0.5,0.5,0.15,0.15,0.75
000000.jpg,4,0.5,0.5,0.15,0.15,0.75
000000.jpg,4,0.5,0.5,0.15,0.15,0.75
000000.jpg,4,0.5,0.5,0.15,0.15,0.75
000000.jpg,4,0.5,0.5,0.15,0.15,0.75
000000.jpg,4,0.5,0.5,0.15,0.15,0.75
000000.jpg,4,0.5,0.5,0.15,0.15,0.75
000000.jpg,4,0.5,0.5,0.15,0.15,0.75
000000.jpg,4,0.5,0.5,0.15,0.15,0.75
000000.jpg,4,0.5,0.5,0.15,0.15,0.75
000000.jpg,4,0.5,0.5,0.15,0.15,0.75
000000.jpg,4,0.5,0.5,0.15,0.15,0.75
000000.jpg,4,0.5,0.5,0.15,0.15,0.75
000000.jpg,4,0.5,0.5,0.15,0.15,0.75
000000.jpg,4,0.5,0.5,0.15,0.15,0.75
000000.jpg,4,0.5,0.5,0.15,0.15,0.75
000000.jpg,4,0.5,0.5,0.15,0.15,0.75
000000.jpg,4,0.5,0.5,0.15,0.15,0.75
000000.jpg,4,0.5,0.5,0.15,0.15,0.75
000000.jpg,4,0.5,0.5,0.15,0.15,0.75
000000.jpg,4,0.5,0.5,0.15,0.15,0.75
000000.jpg,4,0.5,0.5,0.15,0.15,0.75
000000.jpg,4,0.5,0.5,0.15,0.15,0.75
000000.jpg,4,0.5,0.5,0.15,0.15,0.75
000000.jpg,4,0.5,0.5,0.15,0.15,0.75
000000.jpg,4,0.5,0.5,0.15,0.15,0.75
000000.jpg,4,0.5,0.5,0.15,0.15,0.75
000000.jpg,4,0.5,0.5,0.15,0.15,0.75
000000.jpg,4,0.5,0.5,0.15,0.15,0.75
000000.jpg,4,0.5,0.5,0.15,0.15,0.75
000000.jpg,4,0.5,0.5,0.15,0.15,0.75
000000.jpg,4,0.5,0.5,0.15,0.15,0.75
000000.jpg,4,0.5,0.5,0.15,0.15,0.75
000000.jpg,4,0.5,0.5,0.15,0.15,0.75
000000.jpg,4,0.5,0.5,0.15,0.15,0.75
000000.jpg,4,0.5,0.5,0.15,0.15,0.75
000000.jpg,4,0.5,0.5,0.15,0.15,0.75
000000.jpg,4,0.5,0.5,0.15,0.15,0.75
000000.jpg,4,0.5,0.5,0.15,0.15,0.75
000000.jpg,4,0.5,0.5,0.15,0.15,0.75
000000.jpg,4,0.5,0.5,0.15,0.15,0.75
000000.jpg,4,0.5,0.5,0.15,0.15,0.75
000000.jpg,4,0.5,0.5,0.15,0.15,0.75
000000.jpg,4,0.5,0.5,0.15,0.15,0.75
000000.jpg,4,0.5,0.5,0.15,0.15,0.75
000000.jpg,4,0.5,0.5,0.15,0.15,0.75
000000.jpg,4,0.5,0.5,0.15,0.15,0.75
000000.jpg,4,0.5,0.5,0.15,0.15,0.75
000000.jpg,4,0.5,0.5,0.15,0.15,0.75
000000.jpg,4,0.5,0.5,0.15,0.15,0.75
000000.jpg,4,0.5,0.5,0.15,0.15,0.75
000000.jpg,4,0.5,0.5,0.15,0.15,0.75
000000.jpg,4,0.5,0.5,0.15,0.15,0.75
000000.jpg,4,0.5,0.5,0.15,0.15,0.75
000000.jpg,4,0.5,0.5,0.15,0.15,0.75
000000.jpg,4,0.5,0.5,0.15,0.15,0.75
000000.jpg,4,0.5,0.5,0.15,0.15,0.75
000000.jpg,4,0.5,0.5,0.15,0.15,0.75
000000.jpg,4,0.5,0.5,0.15,0.15,0.75
000000.jpg,4,0.5,0.5,0.15,0.15,0.75
000000.jpg,4,0.5,0.5,0.15,0.15,0.75
000000.jpg,4,0.5,0.5,0.15,0.15,0.75
000000.jpg,4,0.5,0.5,0.15,0.15,0.75
000000.jpg,4,0.5,0.5,0.15,0.15,0.75
000000.jpg,4,0.5,0.5,0.15,0.15,0.75
000000.jpg,4,0.5,0.5,0.15,0.15,0.75
000000.jpg,4,0.5,0.5,0.15,0.15,0.75
000000.jpg,4,0.5,0.5,0.15,0.15,0.75
000000.jpg,4,0.5,0.5,0.15,0.15,0.75
000000.jpg,4,0.5,0.5,0.15,0.15,0.75
000000.jpg,4,0.5,0.5,0.15,0.15,0.75
000000.jpg,4,0.5,0.5,0.15,0.15,0.75
000000.jpg,4,0.5,0.5,0.15,0.15,0.75
000000.jpg,4,0.5,0.5,0.15,0.15,0.75
000000.jpg,5,0.5,0.5,0.15,0.15,0.75
000000.jpg,5,0.5,0.5,0.15,0.15,0.75
000000.jpg,5,0.5,0.5,0.15,0.15,0.75
000000.jpg,5,0.5,0.5,0.15,0.15,0.75
000000.jpg,5,0.5,0.5,0.15,0.15,0.75
000000.jpg,5,0.5,0.5,0.15,0.15,0.75
000000.jpg,5,0.5,0.5,0.15,0.15,0.75
000000.jpg,5,0.5,0.5,0.15,0.15,0.75
000000.jpg,5,0.5,0.5,0.15,0.15,0.75
000000.jpg,5,0.5,0.5,0.15,0.15,0.75
000000.jpg,5,0.5,0.5,0.15,0.15,0.75
000000.jpg,5,0.5,0.5,0.15,0.15,0.75
000000.jpg,5,0.5,0.5,0.15,0.15,0.75
000000.jpg,5,0.5,0.5,0.15,0.15,0.75
000000.jpg,5,0.5,0.5,0.15,0.15,0.75
000000.jpg,5,0.5,0.5,0.15,0.15,0.75
000000.jpg,5,0.5,0.5,0.15,0.15,0.75
000000.jpg,5,0.5,0.5,0.15,0.15,0.75
000000.jpg,5,0.5,0.5,0.15,0.15,0.75
000000.jpg,5,0.5,0.5,0.15,0.15,0.75
000000.jpg,5,0.5,0.5,0.15,0.15,0.75
000000.jpg,5,0.5,0.5,0.15,0.15,0.75
000000.jpg,5,0.5,0.5,0.15,0.15,0.75
000000.jpg,5,0.5,0.5,0.15,0.15,0.75
000000.jpg,5,0.5,0.5,0.15,0.15,0.75
000000.jpg,5,0.5,0.5,0.15,0.15,0.75
000000.jpg,5,0.5,0.5,0.15,0.15,0.75
000000.jpg,5,0.5,0.5,0.15,0.15,0.75
000000.jpg,5,0.5,0.5,0.15,0.15,0.75
000000.jpg,5,0.5,0.5,0.15,0.15,0.75
000000.jpg,5,0.5,0.5,0.15,0.15,0.75
000000.jpg,5,0.5,0.5,0.15,0.15,0.75
000000.jpg,5,0.5,0.5,0.15,0.15,0.75
000000.jpg,5,0.5,0.5,0.15,0.15,0.75
000000.jpg,5,0.5,0.5,0.15,0.15,0.75
000000.jpg,5,0.5,0.5,0.15,0.15,0.75
000000.jpg,5,0.5,0.5,0.15,0.15,0.75
000000.jpg,5,0.5,0.5,0.15,0.15,0.75
000000.jpg,5,0.5,0.5,0.15,0.15,0.75
000000.jpg,5,0.5,0.5,0.15,0.15,0.75
000000.jpg,5,0.5,0.5,0.15,0.15,0.75
000000.jpg,5,0.5,0.5,0.15,0.15,0.75
000000.jpg,5,0.5,0.5,0.15,0.15,0.75
000000.jpg,5,0.5,0.5,0.15,0.15,0.75
000000.jpg,6,0.5,0.5,0.15,0.15,0.75
000000.jpg,6,0.5,0.5,0.15,0.15,0.75
000000.jpg,6,0.5,0.5,0.15,0.15,0.75
000000.jpg,6,0.5,0.5,0.15,0.15,0.75
000000.jpg,6,0.5,0.5,0.15,0.15,0.75
000000.jpg,6,0.5,0.5,0.15,0.15,0.75
000000.jpg,6,0.5,0.5,0.15,0.15,0.75
000000.jpg,6,0.5,0.5,0.15,0.15,0.75
000000.jpg,6,0.5,0.5,0.15,0.15,0.75
000000.jpg,6,0.5,0.5,0.15,0.15,0.75
000000.jpg,6,0.5,0.5,0.15,0.15,0.75
000000.jpg,6,0.5,0.5,0.15,0.15,0.75
000000.jpg,6,0.5,0.5,0.15,0.15,0.75
000000.jpg,6,0.5,0.5,0.15,0.15,0.75
000000.jpg,6,0.5,0.5,0.15,0.15,0.75
000000.jpg,6,0.5,0.5,0.15,0.15,0.75
000000.jpg,6,0.5,0.5,0.15,0.15,0.75
000000.jpg,6,0.5,0.5,0.15,0.15,0.75
000000.jpg,6,0.5,0.5,0.15,0.15,0.75
000000.jpg,6,0.5,0.5,0.15,0.15,0.75
000000.jpg,6,0.5,0.5,0.15,0.15,0.75
000000.jpg,6,0.5,0.5,0.15,0.15,0.75
000000.jpg,6,0.5,0.5,0.15,0.15,0.75
000000.jpg,6,0.5,0.5,0.15,0.15,0.75
000000.jpg,6,0.5,0.5,0.15,0.15,0.75
000000.jpg,6,0.5,0.5,0.15,0.15,0.75
000000.jpg,6,0.5,0.5,0.15,0.15,0.75
000000.jpg,6,0.5,0.5,0.15,0.15,0.75
000000.jpg,6,0.5,0.5,0.15,0.15,0.75
000000.jpg,6,0.5,0.5,0.15,0.15,0.75
000000.jpg,6,0.5,0.5,0.15,0.15,0.75
000000.jpg,6,0.5,0.5,0.15,0.15,0.75
000000.jpg,6,0.5,0.5,0.15,0.15,0.75
000000.jpg,6,0.5,0.5,0.15,0.15,0.75
000000.jpg,6,0.5,0.5,0.15,0.15,0.75
000000.jpg,6,0.5,0.5,0.15,0.15,0.75
000000.jpg,6,0.5,0.5,0.15,0.15,0.75
000000.jpg,6,0.5,0.5,0.15,0.15,0.75
000000.jpg,6,0.5,0.5,0.15,0.15,0.75
000000.jpg,6,0.5,0.5,0.15,0.15,0.75
000000.jpg,6,0.5,0.5,0.15,0.15,0.75
000000.jpg,6,0.5,0.5,0.15,0.15,0.75
000000.jpg,6,0.5,0.5,0.15,0.15,0.75
000000.jpg,6,0.5,0.5,0.15,0.15,0.75
000000.jpg,6,0.5,0.5,0.15,0.15,0.75
000000.jpg,6,0.5,0.5,0.15,0.15,0.75
000000.jpg,6,0.5,0.5,0.15,0.15,0.75
000000.jpg,6,0.5,0.5,0.15,0.15,0.75
000000.jpg,6,0.5,0.5,0.15,0.15,0.75
000000.jpg,6,0.5,0.5,0.15,0.15,0.75
000000.jpg,6,0.5,0.5,0.15,0.15,0.75
000000.jpg,6,0.5,0.5,0.15,0.15,0.75
000000.jpg,7,0.5,0.5,0.15,0.15,0.75
000000.jpg,7,0.5,0.5,0.15,0.15,0.75
000000.jpg,7,0.5,0.5,0.15,0.15,0.75
000000.jpg,7,0.5,0.5,0.15,0.15,0.75
000000.jpg,7,0.5,0.5,0.15,0.15,0.75
000000.jpg,7,0.5,0.5,0.15,0.15,0.75
000000.jpg,7,0.5,0.5,0.15,0.15,0.75
000000.jpg,7,0.5,0.5,0.15,0.15,0.75
000000.jpg,7,0.5,0.5,0.15,0.15,0.75
000000.jpg,7,0.5,0.5,0.15,0.15,0.75
000000.jpg,7,0.5,0.5,0.15,0.15,0.75
000000.jpg,7,0.5,0.5,0.15,0.15,0.75
000000.jpg,7,0.5,0.5,0.15,0.15,0.75
000000.jpg,7,0.5,0.5,0.15,0.15,0.75
000000.jpg,7,0.5,0.5,0.15,0.15,0.75
000000.jpg,7,0.5,0.5,0.15,0.15,0.75
000000.jpg,7,0.5,0.5,0.15,0.15,0.75
000000.jpg,7,0.5,0.5,0.15,0.15,0.75
000000.jpg,7,0.5,0.5,0.15,0.15,0.75
000000.jpg,7,0.5,0.5,0.15,0.15,0.75
000000.jpg,7,0.5,0.5,0.15,0.15,0.75
000000.jpg,7,0.5,0.5,0.15,0.15,0.75
000000.jpg,7,0.5,0.5,0.15,0.15,0.75
000000.jpg,7,0.5,0.5,0.15,0.15,0.75
000000.jpg,7,0.5,0.5,0.15,0.15,0.75
000000.jpg,7,0.5,0.5,0.15,0.15,0.75
000000.jpg,7,0.5,0.5,0.15,0.15,0.75
000000.jpg,7,0.5,0.5,0.15,0.15,0.75
000000.jpg,7,0.5,0.5,0.15,0.15,0.75
000000.jpg,7,0.5,0.5,0.15,0.15,0.75
000000.jpg,7,0.5,0.5,0.15,0.15,0.75
000000.jpg,7,0.5,0.5,0.15,0.15,0.75
000000.jpg,7,0.5,0.5,0.15,0.15,0.75
000000.jpg,7,0.5,0.5,0.15,0.15,0.75
000000.jpg,7,0.5,0.5,0.15,0.15,0.75
000000.jpg,7,0.5,0.5,0.15,0.15,0.75
000000.jpg,7,0.5,0.5,0.15,0.15,0.75
000000.jpg,7,0.5,0.5,0.15,0.15,0.75
000000.jpg,7,0.5,0.5,0.15,0.15,0.75
000000.jpg,7,0.5,0.5,0.15,0.15,0.75
000000.jpg,7,0.5,0.5,0.15,0.15,0.75
000000.jpg,7,0.5,0.5,0.15,0.15,0.75
000000.jpg,7,0.5,0.5,0.15,0.15,0.75
000000.jpg,8,0.5,0.5,0.15,0.15,0.75
000000.jpg,8,0.5,0.5,0.15,0.15,0.75
000000.jpg,8,0.5,0.5,0.15,0.15,0.75
000000.jpg,8,0.5,0.5,0.15,0.15,0.75
000000.jpg,8,0.5,0.5,0.15,0.15,0.75
000000.jpg,8,0.5,0.5,0.15,0.15,0.75
000000.jpg,8,0.5,0.5,0.15,0.15,0.75
000000.jpg,8,0.5,0.5,0.15,0.15,0.75
000000.jpg,8,0.5,0.5,0.15,0.15,0.75
000000.jpg,8,0.5,0.5,0.15,0.15,0.75
000000.jpg,8,0.5,0.5,0.15,0.15,0.75
000000.jpg,8,0.5,0.5,0.15,0.15,0.75
000000.jpg,8,0.5,0.5,0.15,0.15,0.75
000000.jpg,8,0.5,0.5,0.15,0.15,0.75
000000.jpg,8,0.5,0.5,0.15,0.15,0.75
000000.jpg,8,0.5,0.5,0.15,0.15,0.75
000000.jpg,8,0.5,0.5,0.15,0.15,0.75
000000.jpg,8,0.5,0.5,0.15,0.15,0.75
000000.jpg,8,0.5,0.5,0.15,0.15,0.75
000000.jpg,8,0.5,0.5,0.15,0.15,0.75
000000.jpg,8,0.5,0.5,0.15,0.15,0.75
000000.jpg,8,0.5,0.5,0.15,0.15,0.75
000000.jpg,8,0.5,0.5,0.15,0.15,0.75
000000.jpg,8,0.5,0.5,0.15,0.15,0.75
000000.jpg,8,0.5,0.5,0.15,0.15,0.75
000000.jpg,8,0.5,0.5,0.15,0.15,0.75
000000.jpg,8,0.5,0.5,0.15,0.15,0.75
000000.jpg,8,0.5,0.5,0.15,0.15,0.75
000000.jpg,8,0.5,0.5,0.15,0.15,0.75
000000.jpg,8,0.5,0.5,0.15,0.15,0.75
000000.jpg,8,0.5,0.5,0.15,0.15,0.75
000000.jpg,8,0.5,0.5,0.15,0.15,0.75
000000.jpg,8,0.5,0.5,0.15,0.15,0.75
000000.jpg,8,0.5,0.5,0.15,0.15,0.75
000000.jpg,8,0.5,0.5,0.15,0.15,0.75
000000.jpg,8,0.5,0.5,0.15,0.15,0.75
000000.jpg,8,0.5,0.5,0.15,0.15,0.75
000000.jpg,9,0.5,0.5,0.15,0.15,0.75
000000.jpg,9,0.5,0.5,0.15,0.15,0.75
000000.jpg,9,0.5,0.5,0.15,0.15,0.75
000000.jpg,9,0.5,0.5,0.15,0.15,0.75
000000.jpg,9,0.5,0.5,0.15,0.15,0.75
000000.jpg,9,0.5,0.5,0.15,0.15,0.75
000000.jpg,9,0.5,0.5,0.15,0.15,0.75
000000.jpg,9,0.5,0.5,0.15,0.15,0.75
000000.jpg,9,0.5,0.5,0.15,0.15,0.75
000000.jpg,9,0.5,0.5,0.15,0.15,0.75
000000.jpg,9,0.5,0.5,0.15,0.15,0.75
000000.jpg,9,0.5,0.5,0.15,0.15,0.75
000000.jpg,9,0.5,0.5,0.15,0.15,0.75
000000.jpg,9,0.5,0.5,0.15,0.15,0.75
000000.jpg,9,0.5,0.5,0.15,0.15,0.75
000000.jpg,9,0.5,0.5,0.15,0.15,0.75
000000.jpg,9,0.5,0.5,0.15,0.15,0.75
000000.jpg,9,0.5,0.5,0.15,0.15,0.75
000000.jpg,9,0.5,0.5,0.15,0.15,0.75
000000.jpg,9,0.5,0.5,0.15,0.15,0.75
000000.jpg,9,0.5,0.5,0.15,0.15,0.75
000000.jpg,9,0.5,0.5,0.15,0.15,0.75
000000.jpg,9,0.5,0.5,0.15,0.15,0.75
000000.jpg,9,0.5,0.5,0.15,0.15,0.75
000000.jpg,9,0.5,0.5,0.15,0.15,0.75
000000.jpg,9,0.5,0.5,0.15,0.15,0.75
000000.jpg,9,0.5,0.5,0.15,0.15,0.75
000000.jpg,9,0.5,0.5,0.15,0.15,0.75
000000.jpg,9,0.5,0.5,0.15,0.15,0.75
000000.jpg,9,0.5,0.5,0.15,0.15,0.75
000000.jpg,9,0.5,0.5,0.15,0.15,0.75
000000.jpg,9,0.5,0.5,0.15,0.15,0.75
000000.jpg,9,0.5,0.5,0.15,0.15,0.75
000000.jpg,9,0.5,0.5,0.15,0.15,0.75
000000.jpg,9,0.5,0.5,0.15,0.15,0.75
000000.jpg,9,0.5,0.5,0.15,0.15,0.75
000000.jpg,9,0.5,0.5,0.15,0.15,0.75
000000.jpg,9,0.5,0.5,0.15,0.15,0.75
000000.jpg,9,0.5,0.5,0.15,0.15,0.75
000000.jpg,9,0.5,0.5,0.15,0.15,0.75
000000.jpg,9,0.5,0.5,0.15,0.15,0.75
000000.jpg,9,0.5,0.5,0.15,0.15,0.75
000000.jpg,9,0.5,0.5,0.15,0.15,0.75
000000.jpg,9,0.5,0.5,0.15,0.15,0.75
000000.jpg,10,0.5,0.5,0.15,0.15,0.75
000000.jpg,10,0.5,0.5,0.15,0.15,0.75
000000.jpg,10,0.5,0.5,0.15,0.15,0.75
000000.jpg,10,0.5,0.5,0.15,0.15,0.75
000000.jpg,10,0.5,0.5,0.15,0.15,0.75
000000.jpg,10,0.5,0.5,0.15,0.15,0.75
000000.jpg,10,0.5,0.5,0.15,0.15,0.75
000000.jpg,10,0.5,0.5,0.15,0.15,0.75
000000.jpg,10,0.5,0.5,0.15,0.15,0.75
000000.jpg,10,0.5,0.5,0.15,0.15,0.75
000000.jpg,10,0.5,0.5,0.15,0.15,0.75
000000.jpg,10,0.5,0.5,0.15,0.15,0.75
000000.jpg,10,0.5,0.5,0.15,0.15,0.75
000000.jpg,10,0.5,0.5,0.15,0.15,0.75
000000.jpg,10,0.5,0.5,0.15,0.15,0.75
000000.jpg,10,0.5,0.5,0.15,0.15,0.75
000000.jpg,10,0.5,0.5,0.15,0.15,0.75
000000.jpg,10,0.5,0.5,0.15,0.15,0.75
000000.jpg,10,0.5,0.5,0.15,0.15,0.75
000000.jpg,10,0.5,0.5,0.15,0.15,0.75
000000.jpg,10,0.5,0.5,0.15,0.15,0.75
000000.jpg,10,0.5,0.5,0.15,0.15,0.75
000000.jpg,10,0.5,0.5,0.15,0.15,0.75
000000.jpg,10,0.5,0.5,0.15,0.15,0.75
000000.jpg,10,0.5,0.5,0.15,0.15,0.75
000000.jpg,10,0.5,0.5,0.15,0.15,0.75
000000.jpg,10,0.5,0.5,0.15,0.15,0.75
000000.jpg,10,0.5,0.5,0.15,0.15,0.75
000000.jpg,10,0.5,0.5,0.15,0.15,0.75
000000.jpg,10,0.5,0.5,0.15,0.15,0.75
000000.jpg,10,0.5,0.5,0.15,0.15,0.75
000000.jpg,10,0.5,0.5,0.15,0.15,0.75
000000.jpg,10,0.5,0.5,0.15,0.15,0.75
000000.jpg,10,0.5,0.5,0.15,0.15,0.75
000000.jpg,10,0.5,0.5,0.15,0.15,0.75
000000.jpg,10,0.5,0.5,0.15,0.15,0.75
000000.jpg,10,0.5,0.5,0.15,0.15,0.75
000000.jpg,10,0.5,0.5,0.15,0.15,0.75
000000.jpg,10,0.5,0.5,0.15,0.15,0.75
000000.jpg,10,0.5,0.5,0.15,0.15,0.75
000000.jpg,10,0.5,0.5,0.15,0.15,0.75
000000.jpg,10,0.5,0.5,0.15,0.15,0.75
000000.jpg,10,0.5,0.5,0.15,0.15,0.75
000000.jpg,10,0.5,0.5,0.15,0.15,0.75
000000.jpg,10,0.5,0.5,0.15,0.15,0.75
000000.jpg,10,0.5,0.5,0.15,0.15,0.75
000000.jpg,10,0.5,0.5,0.15,0.15,0.75
000000.jpg,10,0.5,0.5,0.15,0.15,0.75
000000.jpg,10,0.5,0.5,0.15,0.15,0.75
000000.jpg,10,0.5,0.5,0.15,0.15,0.75
000000.jpg,10,0.5,0.5,0.15,0.15,0.75
000000.jpg,10,0.5,0.5,0.15,0.15,0.75
000000.jpg,10,0.5,0.5,0.15,0.15,0.75
000000.jpg,10,0.5,0.5,0.15,0.15,0.75
000000.jpg,10,0.5,0.5,0.15,0.15,0.75
000000.jpg,11,0.5,0.5,0.15,0.15,0.75
000000.jpg,11,0.5,0.5,0.15,0.15,0.75
000000.jpg,11,0.5,0.5,0.15,0.15,0.75
000000.jpg,11,0.5,0.5,0.15,0.15,0.75
000000.jpg,11,0.5,0.5,0.15,0.15,0.75
000000.jpg,11,0.5,0.5,0.15,0.15,0.75
000000.jpg,11,0.5,0.5,0.15,0.15,0.75
000000.jpg,11,0.5,0.5,0.15,0.15,0.75
000000.jpg,11,0.5,0.5,0.15,0.15,0.75
000000.jpg,11,0.5,0.5,0.15,0.15,0.75
000000.jpg,11,0.5,0.5,0.15,0.15,0.75
000000.jpg,11,0.5,0.5,0.15,0.15,0.75
000000.jpg,11,0.5,0.5,0.15,0.15,0.75
000000.jpg,11,0.5,0.5,0.15,0.15,0.75
000000.jpg,11,0.5,0.5,0.15,0.15,0.75
000000.jpg,11,0.5,0.5,0.15,0.15,0.75
000000.jpg,11,0.5,0.5,0.15,0.15,0.75
000000.jpg,11,0.5,0.5,0.15,0.15,0.75
000000.jpg,11,0.5,0.5,0.15,0.15,0.75
000000.jpg,11,0.5,0.5,0.15,0.15,0.75
000000.jpg,11,0.5,0.5,0.15,0.15,0.75
000000.jpg,11,0.5,0.5,0.15,0.15,0.75
000000.jpg,11,0.5,0.5,0.15,0.15,0.75
000000.jpg,11,0.5,0.5,0.15,0.15,0.75
000000.jpg,11,0.5,0.5,0.15,0.15,0.75
000000.jpg,11,0.5,0.5,0.15,0.15,0.75
000000.jpg,11,0.5,0.5,0.15,0.15,0.75
000000.jpg,11,0.5,0.5,0.15,0.15,0.75
000000.jpg,11,0.5,0.5,0.15,0.15,0.75
000000.jpg,11,0.5,0.5,0.15,0.15,0.75
000000.jpg,11,0.5,0.5,0.15,0.15,0.75
000000.jpg,11,0.5,0.5,0.15,0.15,0.75
000000.jpg,11,0.5,0.5,0.15,0.15,0.75
000000.jpg,11,0.5,0.5,0.15,0.15,0.75
000000.jpg,11,0.5,0.5,0.15,0.15,0.75
000000.jpg,11,0.5,0.5,0.15,0.15,0.75
000000.jpg,11,0.5,0.5,0.15,0.15,0.75
000000.jpg,11,0.5,0.5,0.15,0.15,0.75
000000.jpg,11,0.5,0.5,0.15,0.15,0.75
000000.jpg,11,0.5,0.5,0.15,0.15,0.75
000000.jpg,11,0.5,0.5,0.15,0.15,0.75
000000.jpg,11,0.5,0.5,0.15,0.15,0.75
000000.jpg,12,0.5,0.5,0.15,0.15,0.75
000000.jpg,12,0.5,0.5,0.15,0.15,0.75
000000.jpg,12,0.5,0.5,0.15,0.15,0.75
000000.jpg,12,0.5,0.5,0.15,0.15,0.75
000000.jpg,12,0.5,0.5,0.15,0.15,0.75
000000.jpg,12,0.5,0.5,0.15,0.15,0.75
000000.jpg,12,0.5,0.5,0.15,0.15,0.75
000000.jpg,12,0.5,0.5,0.15,0.15,0.75
000000.jpg,12,0.5,0.5,0.15,0.15,0.75
000000.jpg,12,0.5,0.5,0.15,0.15,0.75
000000.jpg,12,0.5,0.5,0.15,0.15,0.75
000000.jpg,12,0.5,0.5,0.15,0.15,0.75
000000.jpg,12,0.5,0.5,0.15,0.15,0.75
000000.jpg,12,0.5,0.5,0.15,0.15,0.75
000000.jpg,12,0.5,0.5,0.15,0.15,0.75
000000.jpg,12,0.5,0.5,0.15,0.15,0.75
000000.jpg,12,0.5,0.5,0.15,0.15,0.75
000000.jpg,12,0.5,0.5,0.15,0.15,0.75
000000.jpg,12,0.5,0.5,0.15,0.15,0.75
000000.jpg,12,0.5,0.5,0.15,0.15,0.75
000000.jpg,12,0.5,0.5,0.15,0.15,0.75
000000.jpg,12,0.5,0.5,0.15,0.15,0.75
000000.jpg,12,0.5,0.5,0.15,0.15,0.75
000000.jpg,12,0.5,0.5,0.15,0.15,0.75
000000.jpg,12,0.5,0.5,0.15,0.15,0.75
000000.jpg,12,0.5,0.5,0.15,0.15,0.75
000000.jpg,12,0.5,0.5,0.15,0.15,0.75
000000.jpg,12,0.5,0.5,0.15,0.15,0.75
000000.jpg,12,0.5,0.5,0.15,0.15,0.75
000000.jpg,12,0.5,0.5,0.15,0.15,0.75
000000.jpg,12,0.5,0.5,0.15,0.15,0.75
000000.jpg,12,0.5,0.5,0.15,0.15,0.75
000000.jpg,12,0.5,0.5,0.15,0.15,0.75
000000.jpg,12,0.5,0.5,0.15,0.15,0.75
000000.jpg,12,0.5,0.5,0.15,0.15,0.75
000000.jpg,13,0.5,0.5,0.15,0.15,0.75
000000.jpg,13,0.5,0.5,0.15,0.15,0.75
000000.jpg,13,0.5,0.5,0.15,0.15,0.75
000000.jpg,13,0.5,0.5,0.15,0.15,0.75
000000.jpg,13,0.5,0.5,0.15,0.15,0.75
000000.jpg,13,0.5,0.5,0.15,0.15,0.75
000000.jpg,13,0.5,0.5,0.15,0.15,0.75
000000.jpg,13,0.5,0.5,0.15,0.15,0.75
000000.jpg,13,0.5,0.5,0.15,0.15,0.75
000000.jpg,13,0.5,0.5,0.15,0.15,0.75
000000.jpg,13,0.5,0.5,0.15,0.15,0.75
000000.jpg,13,0.5,0.5,0.15,0.15,0.75
000000.jpg,13,0.5,0.5,0.15,0.15,0.75
000000.jpg,13,0.5,0.5,0.15,0.15,0.75
000000.jpg,13,0.5,0.5,0.15,0.15,0.75
000000.jpg,13,0.5,0.5,0.15,0.15,0.75
000000.jpg,13,0.5,0.5,0.15,0.15,0.75
000000.jpg,13,0.5,0.5,0.15,0.15,0.75
000000.jpg,13,0.5,0.5,0.15,0.15,0.75
000000.jpg,13,0.5,0.5,0.15,0.15,0.75
000000.jpg,13,0.5,0.5,0.15,0.15,0.75
000000.jpg,13,0.5,0.5,0.15,0.15,0.75
000000.jpg,13,0.5,0.5,0.15,0.15,0.75
000000.jpg,13,0.5,0.5,0.15,0.15,0.75
000000.jpg,13,0.5,0.5,0.15,0.15,0.75
000000.jpg,13,0.5,0.5,0.15,0.15,0.75
000000.jpg,13,0.5,0.5,0.15,0.15,0.75
000000.jpg,13,0.5,0.5,0.15,0.15,0.75
000000.jpg,13,0.5,0.5,0.15,0.15,0.75
000000.jpg,13,0.5,0.5,0.15,0.15,0.75
000000.jpg,13,0.5,0.5,0.15,0.15,0.75
000000.jpg,13,0.5,0.5,0.15,0.15,0.75
000000.jpg,13,0.5,0.5,0.15,0.15,0.75
000000.jpg,13,0.5,0.5,0.15,0.15,0.75
000000.jpg,13,0.5,0.5,0.15,0.15,0.75
000000.jpg,13,0.5,0.5,0.15,0.15,0.75
000000.jpg,13,0.5,0.5,0.15,0.15,0.75
000000.jpg,13,0.5,0.5,0.15,0.15,0.75
000000.jpg,13,0.5,0.5,0.15,0.15,0.75
000000.jpg,13,0.5,0.5,0.15,0.15,0.75
000000.jpg,13,0.5,0.5,0.15,0.15,0.75
000000.jpg,13,0.5,0.5,0.15,0.15,0.75
000000.jpg,13,0.5,0.5,0.15,0.15,0.75
000000.jpg,13,0.5,0.5,0.15,0.15,0.75
000000.jpg,13,0.5,0.5,0.15,0.15,0.75
000000.jpg,13,0.5,0.5,0.15,0.15,0.75
000000.jpg,13,0.5,0.5,0.15,0.15,0.75
000000.jpg,13,0.5,0.5,0.15,0.15,0.75
000000.jpg,13,0.5,0.5,0.15,0.15,0.75
000000.jpg,13,0.5,0.5,0.15,0.15,0.75
000000.jpg,13,0.5,0.5,0.15,0.15,0.75
000000.jpg,13,0.5,0.5,0.15,0.15,0.75
000000.jpg,13,0.5,0.5,0.15,0.15,0.75
000000.jpg,13,0.5,0.5,0.15,0.15,0.75
000000.jpg,13,0.5,0.5,0.15,0.15,0.75
000000.jpg,13,0.5,0.5,0.15,0.15,0.75
000000.jpg,13,0.5,0.5,0.15,0.15,0.75
000000.jpg,13,0.5,0.5,0.15,0.15,0.75
000000.jpg,13,0.5,0.5,0.15,0.15,0.75
000000.jpg,13,0.5,0.5,0.15,0.15,0.75
000000.jpg,13,0.5,0.5,0.15,0.15,0.75
000000.jpg,13,0.5,0.5,0.15,0.15,0.75
000000.jpg,13,0.5,0.5,0.15,0.15,0.75
000000.jpg,13,0.5,0.5,0.15,0.15,0.75
000000.jpg,13,0.5,0.5,0.15,0.15,0.75
000000.jpg,13,0.5,0.5,0.15,0.15,0.75
000000.jpg,13,0.5,0.5,0.15,0.15,0.75
000000.jpg,13,0.5,0.5,0.15,0.15,0.75
000000.jpg,14,0.5,0.5,0.15,0.15,0.75
000000.jpg,14,0.5,0.5,0.15,0.15,0.75
000000.jpg,14,0.5,0.5,0.15,0.15,0.75
000000.jpg,14,0.5,0.5,0.15,0.15,0.75
000000.jpg,14,0.5,0.5,0.15,0.15,0.75
000000.jpg,14,0.5,0.5,0.15,0.15,0.75
000000.jpg,14,0.5,0.5,0.15,0.15,0.75
000000.jpg,14,0.5,0.5,0.15,0.15,0.75
000000.jpg,14,0.5,0.5,0.15,0.15,0.75
000000.jpg,14,0.5,0.5,0.15,0.15,0.75
000000.jpg,14,0.5,0.5,0.15,0.15,0.75
000000.jpg,14,0.5,0.5,0.15,0.15,0.75
000000.jpg,14,0.5,0.5,0.15,0.15,0.75
000000.jpg,14,0.5,0.5,0.15,0.15,0.75
000000.jpg,14,0.5,0.5,0.15,0.15,0.75
000000.jpg,14,0.5,0.5,0.15,0.15,0.75
000000.jpg,14,0.5,0.5,0.15,0.15,0.75
000000.jpg,14,0.5,0.5,0.15,0.15,0.75
000000.jpg,14,0.5,0.5,0.15,0.15,0.75
000000.jpg,14,0.5,0.5,0.15,0.15,0.75
000000.jpg,14,0.5,0.5,0.15,0.15,0.75
000000.jpg,14,0.5,0.5,0.15,0.15,0.75
000000.jpg,14,0.5,0.5,0.15,0.15,0.75
000000.jpg,14,0.5,0.5,0.15,0.15,0.75
000000.jpg,14,0.5,0.5,0.15,0.15,0.75
000000.jpg,14,0.5,0.5,0.15,0.15,0.75
000000.jpg,14,0.5,0.5,0.15,0.15,0.75
000000.jpg,14,0.5,0.5,0.15,0.15,0.75
000000.jpg,14,0.5,0.5,0.15,0.15,0.75
000000.jpg,14,0.5,0.5,0.15,0.15,0.75
000000.jpg,14,0.5,0.5,0.15,0.15,0.75
000000.jpg,14,0.5,0.5,0.15,0.15,0.75
000000.jpg,14,0.5,0.5,0.15,0.15,0.75
000000.jpg,14,0.5,0.5,0.15,0.15,0.75
000000.jpg,14,0.5,0.5,0.15,0.15,0.75
000000.jpg,14,0.5,0.5,0.15,0.15,0.75
000000.jpg,14,0.5,0.5,0.15,0.15,0.75
000000.jpg,14,0.5,0.5,0.15,0.15,0.75
000000.jpg,14,0.5,0.5,0.15,0.15,0.75
000000.jpg,14,0.5,0.5,0.15,0.15,0.75
000000.jpg,14,0.5,0.5,0.15,0.15,0.75
000000.jpg,14,0.5,0.5,0.15,0.15,0.75
000000.jpg,14,0.5,0.5,0.15,0.15,0.75
000000.jpg,14,0.5,0.5,0.15,0.15,0.75
000000.jpg,14,0.5,0.5,0.15,0.15,0.75
000000.jpg,14,0.5,0.5,0.15,0.15,0.75
000000.jpg,14,0.5,0.5,0.15,0.15,0.75
FisheyeCamera_1_00239_png.rf.d6a3e883bbb92412f2642432771f2d09.jpg,1,0.4631,0.2546,0.0345,0.0236,0.7447
001656_JPG_jpg.rf.193bed9f1b03b8c4d46254c930216604.jpg,0,0.5006,0.1741,0.2907,0.128,0.741
0230d0a6-0eac-4bf1-bc0c-560f18ad7415_jpg.rf.48f1963e9fbe5a6b0179b33762a2eb65.jpg,1,0.5802,0.5148,0.639,0.854,0.7404
000872_JPG_jpg.rf.618811525dae8c1799c5093046e551c5.jpg,0,0.5231,0.2109,0.0862,0.0448,0.733
road654_png.rf.dccac1ff09c216df1ecd3c90e1d3923b.jpg,10,0.1359,0.5217,0.0569,0.0458,0.7324
FisheyeCamera_1_00204_png.rf.19edfa32d48b66e0365f54c7325dcbd4.jpg,0,0.528,0.2654,0.0342,0.0229,0.7318
000652_jpg.rf.2d13be3464e928dde8d4e3a7ed638236.jpg,12,0.6372,0.5321,0.0762,0.1201,0.7304
000967_jpg.rf.c03a4af67b2c09d534327ef7de40de4c.jpg,1,0.6412,0.0977,0.0237,0.1006,0.73
000898_JPG_jpg.rf.89de33253d01e0308735dc746aa4977f.jpg,0,0.4799,0.2781,0.0708,0.0343,0.7291
001068_jpg.rf.371ec28b0d2bbbd16c8a645be41f5a76.jpg,1,0.1985,0.1039,0.0255,0.1112,0.7277
001603_JPG_jpg.rf.d7ff42753708b2cd74195e8e463d3e2c.jpg,0,0.5168,0.1318,0.2957,0.1021,0.7274
000883_JPG_jpg.rf.bcfbe7999ec1b4e660a155e0e145e234.jpg,0,0.3031,0.2227,0.0819,0.0436,0.723
000967_jpg.rf.c03a4af67b2c09d534327ef7de40de4c.jpg,1,0.8078,0.0905,0.0249,0.1057,0.7192
FisheyeCamera_1_00471_png.rf.eb0a04fb4ec3ae41bf4b96e27bd5d26d.jpg,0,0.3395,0.4598,0.0255,0.0854,0.7165
000383_jpg.rf.070efbd57b6f1e61ece84acca33ec797.jpg,9,0.5992,0.4336,0.1575,0.2274,0.7093
000809_jpg.rf.dcd99922c592f3b634ddb443bf40dce1.jpg,1,0.8329,0.2719,0.0204,0.079,0.7091
000946_jpg.rf.18bf1b977f56cc49545942b86ac7c739.jpg,0,0.0736,0.8764,0.0226,0.0997,0.7089
001068_jpg.rf.371ec28b0d2bbbd16c8a645be41f5a76.jpg,1,0.5537,0.0891,0.0227,0.0987,0.7076
000809_jpg.rf.dcd99922c592f3b634ddb443bf40dce1.jpg,1,0.5512,0.1269,0.0213,0.0874,0.7055
road872_png.rf.d95002240567bc0114365d0ba181071f.jpg,14,0.7614,0.6722,0.0405,0.0366,0.7055
000831_jpg.rf.09392428bf69f0de8c937caec3590319.jpg,9,0.5062,0.1653,0.0806,0.1678,0.7053
001465_jpg.rf.82e271056e453a4f123033b7db486d63.jpg,5,0.7945,0.8855,0.0735,0.1272,0.7019
road289_png.rf.ba6012fe8a27d9f53d8d66bb29db5ad8.jpg,0,0.9291,0.9034,0.1417,0.1932,0.6997
000792_jpg.rf.3899b0ef3229b4f18a7954698cc40c92.jpg,1,0.2126,0.5339,0.0226,0.0792,0.6892
road770_png.rf.192c2e4a2994c3c1bdfa14f69586392c.jpg,13,0.5178,0.4467,0.1021,0.078,0.6861
00007_00042_00000_png.rf.b6fa9ef6ce63f92b01992d4ea8d63f5a.jpg,3,0.5037,0.5228,0.5832,0.5615,0.6837
FisheyeCamera_1_00615_png.rf.6b8b9a4df61e83d15119053ea613f434.jpg,4,0.3396,0.5259,0.0249,0.0361,0.6833
000944_JPG_jpg.rf.a0b81118199b4d11ccb859c15d0cb1f6.jpg,0,0.0761,0.3303,0.1108,0.0492,0.6757
000934_JPG_jpg.rf.81031f117e2b4ac8b19c0cbe3bdd1d99.jpg,0,0.6247,0.4838,0.0481,0.0233,0.6727
road653_png.rf.a69e562a3dab509d536c1f6d7689c4de.jpg,10,0.3338,0.5937,0.0508,0.0415,0.6704
001049_jpg.rf.e527b2a1edfb88b1fbfb9542d33a9a27.jpg,0,0.3327,0.1896,0.0202,0.0749,0.6696
road43_png.rf.c576096fc5f0b00379321f94ddffcbc6.jpg,0,0.4586,0.3611,0.0346,0.1172,0.6668
000012_jpg.rf.a2e9009c1ca91c2272045589701123f0.jpg,7,0.4909,0.3318,0.7811,0.353,0.6655
002188_jpg.rf.0c0627398b64450d4f392c77290207fe.jpg,0,0.716,0.327,0.3302,0.1528,0.6645
road305_png.rf.f807df671677244a7387d2ffbe200f58.jpg,8,0.5419,0.4186,0.4782,0.5364,0.6636
2257b962-595c-43ae-8f0d-575f1b55beb8_jpg.rf.d8ba84a72e00584f12f54d3cf03c8dc0.jpg,0,0.2106,0.5147,0.4212,0.9704,0.6622
road774_png.rf.01952886ddecdd8280c5df688e7f3f0e.jpg,13,0.6577,0.4362,0.0656,0.0582,0.6553
001277_jpg.rf.03beffa81aa901c8462dfe1681a202f4.jpg,3,0.438,0.2245,0.0916,0.1289,0.647
001857_JPG_jpg.rf.d447fe7f6ff27a88a5e983e0b5f2a821.jpg,0,0.4496,0.2305,0.0441,0.0296,0.6426
road11_png.rf.40b76142a629faa238c042bcb209cc27.jpg,0,0.4926,0.3863,0.0452,0.1173,0.6412
000809_jpg.rf.dcd99922c592f3b634ddb443bf40dce1.jpg,1,0.3379,0.1517,0.0228,0.0953,0.6409
001830_JPG_jpg.rf.80271bce54a1933c1c80ae661932ee2f.jpg,1,0.1526,0.2197,0.0367,0.1114,0.6336
road243_png.rf.555053220adbac3849def1e4105008fd.jpg,3,0.4818,0.61,0.0401,0.0326,0.6248
road38_png.rf.8b6e15b041aab397eb10b38728fa1e15.jpg,1,0.7382,0.7503,0.1586,0.4604,0.6179
001277_jpg.rf.03beffa81aa901c8462dfe1681a202f4.jpg,4,0.4377,0.2249,0.0914,0.1305,0.6064
001643_JPG_jpg.rf.bb0dd8813a6c24f91a4e04962aaa7f31.jpg,1,0.6281,0.1838,0.322,0.1742,0.6047
001051_jpg.rf.bb8152d7d7c35ed73bfc9239185f9087.jpg,5,0.4711,0.267,0.0666,0.0993,0.6016
road653_png.rf.a69e562a3dab509d536c1f6d7689c4de.jpg,8,0.3348,0.5928,0.0504,0.0433,0.5976
00008_00007_00009_png.rf.8289199643586993b107ff888e950eab.jpg,5,0.6121,0.9338,0.5881,0.1324,0.5958
098904b8-c355-46e6-b644-52387480db96_jpg.rf.ed1b718605fa48e5c0cfbc438da6d050.jpg,0,0.1738,0.4958,0.3476,0.9565,0.5855
road876_png.rf.723330bcac2a5e357c0a325590dbff3c.jpg,14,0.3009,0.765,0.0468,0.0496,0.582
road43_png.rf.c576096fc5f0b00379321f94ddffcbc6.jpg,0,0.2423,0.3828,0.0352,0.1096,0.5771
road716_png.rf.b9085b6c292ddd763a6e1481465dd3cd.jpg,3,0.5332,0.5486,0.062,0.0447,0.5627
road38_png.rf.8b6e15b041aab397eb10b38728fa1e15.jpg,1,0.1363,0.2429,0.1149,0.4853,0.5621
road243_png.rf.555053220adbac3849def1e4105008fd.jpg,3,0.5261,0.6102,0.0398,0.0312,0.5618
FisheyeCamera_1_00314_png.rf.f10aa9e570183b2892515007c415b9cf.jpg,0,0.8701,0.4081,0.0287,0.0825,0.561
00005_00004_00005_png.rf.53f4cde1da9ac0094d8c0d9fd968beb1.jpg,12,0.5582,0.5424,0.6249,0.6091,0.5601
001603_JPG_jpg.rf.d7ff42753708b2cd74195e8e463d3e2c.jpg,1,0.4621,0.1338,0.3405,0.104,0.552
road716_png.rf.b9085b6c292ddd763a6e1481465dd3cd.jpg,5,0.5343,0.5485,0.0604,0.0458,0.5514
road43_png.rf.c576096fc5f0b00379321f94ddffcbc6.jpg,0,0.8375,0.5268,0.0291,0.0803,0.5388
FisheyeCamera_1_00150_png.rf.59de5a3cfa738990cf21ba7d18b79444.jpg,9,0.3633,0.53,0.0226,0.0297,0.5358
00003_00019_00004_png.rf.0e5e854d48614cdc5bef09b4b3085a03.jpg,10,0.5106,0.5074,0.5976,0.5805,0.5253
road43_png.rf.c576096fc5f0b00379321f94ddffcbc6.jpg,0,0.6757,0.5287,0.0256,0.0814,0.5231
0629fae7-2357-4fa2-a599-750358cf7e2e_jpg.rf.363911291d5f6f7fe0e031331fd7e4e9.jpg,0,0.135,0.4791,0.27,0.9582,0.523
000700_jpg.rf.4abc8faa3c8f0970d53095fa9218cf8a.jpg,13,0.9098,0.5472,0.0786,0.125,0.522
000786_jpg.rf.60798d12643d9be450731115c76bd86c.jpg,13,0.7862,0.1006,0.136,0.134,0.5173
001860_JPG_jpg.rf.6e8d22dbd246ecfaf521fbb30ff5e2fe.jpg,0,0.9141,0.9215,0.0537,0.025,0.5145
098904b8-c355-46e6-b644-52387480db96_jpg.rf.ed1b718605fa48e5c0cfbc438da6d050.jpg,0,0.8415,0.5318,0.3169,0.9365,0.5145
000383_jpg.rf.070efbd57b6f1e61ece84acca33ec797.jpg,10,0.5982,0.4342,0.159,0.2272,0.5099
001693_JPG_jpg.rf.9c74f3077d05257d04e7a58a48642fe0.jpg,1,0.5293,0.3167,0.2158,0.1119,0.5026
00003_00019_00004_png.rf.0e5e854d48614cdc5bef09b4b3085a03.jpg,12,0.5114,0.5074,0.5975,0.5784,0.4928
000130_jpg.rf.21da097324e3450bb8ab634399961e84.jpg,10,0.7619,0.7024,0.4761,0.553,0.4886
road701_png.rf.cdb390be5b29eb46e8125d30c802cde0.jpg,0,0.0623,0.6364,0.1165,0.2138,0.4734
road453_png.rf.2ac6332c02e34b01f38bd0daf2dee199.jpg,0,0.4342,0.2484,0.258,0.2004,0.4681
00004_00006_00002_png.rf.e126eb56f28cf1c98809239babe89334.jpg,9,0.5079,0.9422,0.5199,0.1155,0.467
000790_jpg.rf.ddb1d679830f7cafbcbec2013a6ff2fc.jpg,3,0.7649,0.0948,0.2331,0.1622,0.4649
road773_png.rf.b467561d9bc1abfaa69c770187f44c38.jpg,12,0.6472,0.4946,0.0619,0.0484,0.4636
00008_00007_00010_png.rf.d2dc382f864442f6d8551cc9f41e0bc7.jpg,5,0.5791,0.9404,0.5727,0.119,0.4628
001051_jpg.rf.bb8152d7d7c35ed73bfc9239185f9087.jpg,3,0.3456,0.2698,0.0712,0.1035,0.4607
FisheyeCamera_1_00239_png.rf.d6a3e883bbb92412f2642432771f2d09.jpg,1,0.3241,0.2977,0.0346,0.0204,0.4471
FisheyeCamera_1_00027_png.rf.dfb965799faeb1514f927e69c5ec0fd2.jpg,6,0.2358,0.507,0.0247,0.0523,0.4455
000836_jpg.rf.c262dc2f875c2d27c5358091bec7f23c.jpg,9,0.4221,0.7729,0.0366,0.0633,0.4453
0629fae7-2357-4fa2-a599-750358cf7e2e_jpg.rf.363911291d5f6f7fe0e031331fd7e4e9.jpg,0,0.8297,0.4778,0.3406,0.944,0.4309
001619_JPG_jpg.rf.1640a48f199bbe32ee72dc83a24e1521.jpg,0,0.2488,0.1134,0.107,0.0471,0.4308
road652_png.rf.e82e3cfaed8d2378962fd6c1380f5d02.jpg,8,0.2879,0.4739,0.0481,0.0369,0.4203
FisheyeCamera_1_00023_png.rf.cd1aa333b9e78ad2f7b2de3c154e7429.jpg,6,0.3245,0.5268,0.0208,0.0366,0.4157
FisheyeCamera_1_00036_png.rf.a4fcf0fd896e50b389c7a93fae4d3a07.jpg,6,0.5828,0.5271,0.0285,0.0381,0.412
road613_png.rf.560c13a685d02ca31a65b6b2b172772a.jpg,12,0.5627,0.5162,0.0906,0.0688,0.4118
000983_JPG_jpg.rf.435a52389bec50fc37b8d83dc287f3ed.jpg,0,0.248,0.4229,0.096,0.0307,0.4117
000809_jpg.rf.dcd99922c592f3b634ddb443bf40dce1.jpg,8,0.5762,0.137,0.0309,0.0614,0.4116
001261_jpg.rf.7b5bf5841b26d8966d6081fbc704dbf7.jpg,4,0.4713,0.2738,0.1359,0.0931,0.4044
road323_png.rf.b843dd95b3d22917710ac75cca4a57b0.jpg,9,0.6017,0.6153,0.2733,0.2103,0.3953
000944_JPG_jpg.rf.a0b81118199b4d11ccb859c15d0cb1f6.jpg,0,0.4843,0.4435,0.0892,0.0282,0.3864
00005_00014_00005_png.rf.0e24dd3583d580dadb9d69e73a08e78c.jpg,5,0.5092,0.9359,0.5412,0.1281,0.3835
000786_jpg.rf.60798d12643d9be450731115c76bd86c.jpg,7,0.7859,0.1003,0.1358,0.1326,0.3778
000944_JPG_jpg.rf.a0b81118199b4d11ccb859c15d0cb1f6.jpg,0,0.6455,0.5235,0.0405,0.0214,0.3778
road613_png.rf.560c13a685d02ca31a65b6b2b172772a.jpg,9,0.5629,0.516,0.0904,0.0698,0.3725
000922_JPG_jpg.rf.143f5b1a97d934ec4a71114055fa5a0b.jpg,1,0.6402,0.9239,0.0566,0.12,0.3697
road639_png.rf.74306332af06fee257b44f5dd9ae02fb.jpg,8,0.0744,0.7749,0.0669,0.0514,0.3599
FisheyeCamera_1_00036_png.rf.a4fcf0fd896e50b389c7a93fae4d3a07.jpg,7,0.5829,0.5275,0.0281,0.0382,0.3535
road11_png.rf.40b76142a629faa238c042bcb209cc27.jpg,0,0.8151,0.6223,0.0512,0.0978,0.3512
road770_png.rf.192c2e4a2994c3c1bdfa14f69586392c.jpg,12,0.5183,0.4468,0.1028,0.0791,0.348
road582_png.rf.930fbae49546d10b46e1f533c4e0a291.jpg,1,0.3545,0.3646,0.0543,0.1043,0.3463
00008_00003_00002_png.rf.70816dfa48b29ed84d1abcb9bb09bf70.jpg,5,0.5829,0.9307,0.5026,0.1385,0.3449
001066_jpg.rf.c55d7313f5d62858191ae315c7fada73.jpg,8,0.5698,0.1372,0.0203,0.0546,0.3371
road43_png.rf.c576096fc5f0b00379321f94ddffcbc6.jpg,0,0.0432,0.4063,0.0374,0.111,0.336
FisheyeCamera_1_00479_png.rf.f7e77b725ba1e70b5dc8b0697e0b1f92.jpg,1,0.734,0.4018,0.0391,0.0231,0.331
00008_00011_00006_png.rf.416887ff8fd6e24fc585ce1838c632a4.jpg,5,0.5264,0.9357,0.542,0.1286,0.3221
002188_jpg.rf.0c0627398b64450d4f392c77290207fe.jpg,1,0.7173,0.3306,0.3408,0.1472,0.3203
road108_png.rf.9655ebb7a27af56ab1d0360d10685ec8.jpg,6,0.4509,0.5432,0.0283,0.0475,0.317
road859_png.rf.f0e4bbd39d237c79817d4ade35676364.jpg,12,0.4691,0.4062,0.0804,0.0624,0.3138
FisheyeCamera_1_00018_png.rf.765c48e66c9a0a7d70f6e4b0af00494c.jpg,6,0.6392,0.5228,0.0272,0.0436,0.3087
FisheyeCamera_1_00028_png.rf.f6f0a58dd52d1cf0fe75c8496a37b067.jpg,6,0.2009,0.4985,0.025,0.0572,0.307
00008_00011_00006_png.rf.416887ff8fd6e24fc585ce1838c632a4.jpg,11,0.5236,0.9337,0.5547,0.1324,0.3057
road773_png.rf.b467561d9bc1abfaa69c770187f44c38.jpg,3,0.6468,0.4952,0.0621,0.0491,0.3049
road16_png.rf.9aba07c7ac70aab405028e7e8a750fb7.jpg,1,0.4543,0.9184,0.0577,0.0269,0.2989
FisheyeCamera_1_00036_png.rf.a4fcf0fd896e50b389c7a93fae4d3a07.jpg,8,0.5827,0.5273,0.0282,0.0384,0.2979
road51_png.rf.049d6ceefd959818a9f59c81f8d1387a.jpg,0,0.5574,0.4966,0.1253,0.3172,0.294
000946_jpg.rf.18bf1b977f56cc49545942b86ac7c739.jpg,8,0.5751,0.8449,0.035,0.0696,0.2933
00008_00009_00012_png.rf.fa47f1ade7b6ffafc8c23e106e4ec0a9.jpg,11,0.5305,0.9332,0.566,0.1336,0.292
000722_jpg.rf.9bee48a5dc22112fb5a705192fd54d45.jpg,4,0.5059,0.3242,0.1646,0.2329,0.2918
00007_00042_00000_png.rf.b6fa9ef6ce63f92b01992d4ea8d63f5a.jpg,9,0.5045,0.5235,0.5804,0.5588,0.2894
road314_png.rf.697a2d138347ee6ee2da288b2ffe8e9d.jpg,11,0.1714,0.7126,0.0844,0.0663,0.2882
FisheyeCamera_1_00018_png.rf.765c48e66c9a0a7d70f6e4b0af00494c.jpg,6,0.3029,0.5279,0.0234,0.0314,0.285
2257b962-595c-43ae-8f0d-575f1b55beb8_jpg.rf.d8ba84a72e00584f12f54d3cf03c8dc0.jpg,0,0.8122,0.486,0.3756,0.9671,0.2817
FisheyeCamera_1_00023_png.rf.cd1aa333b9e78ad2f7b2de3c154e7429.jpg,9,0.3248,0.5269,0.0211,0.0366,0.2789
road640_png.rf.d095777d03f03f86a0b6b1f5b32dfdd5.jpg,8,0.2404,0.4872,0.0657,0.052,0.278
road613_png.rf.560c13a685d02ca31a65b6b2b172772a.jpg,10,0.5628,0.5161,0.0906,0.0691,0.2774
00004_00006_00002_png.rf.e126eb56f28cf1c98809239babe89334.jpg,11,0.51,0.9435,0.5218,0.1126,0.2718
002188_jpg.rf.0c0627398b64450d4f392c77290207fe.jpg,5,0.0443,0.7375,0.0346,0.0532,0.2706
road774_png.rf.01952886ddecdd8280c5df688e7f3f0e.jpg,12,0.6583,0.4358,0.0644,0.0573,0.2706
00008_00003_00002_png.rf.70816dfa48b29ed84d1abcb9bb09bf70.jpg,11,0.5826,0.9323,0.5086,0.1354,0.27
000336_jpg.rf.be0bfe39579236b8f1710a54065f106c.jpg,11,0.8453,0.2747,0.1852,0.2882,0.266
001643_JPG_jpg.rf.bb0dd8813a6c24f91a4e04962aaa7f31.jpg,1,0.6314,0.5334,0.4358,0.9115,0.2652
road654_png.rf.dccac1ff09c216df1ecd3c90e1d3923b.jpg,10,0.424,0.4997,0.0805,0.0638,0.2645
road872_png.rf.d95002240567bc0114365d0ba181071f.jpg,1,0.7613,0.704,0.0432,0.1011,0.2516
FisheyeCamera_1_00151_png.rf.ff1355b3e842019c0228380552ea0c2c.jpg,11,0.3538,0.5284,0.0223,0.0328,0.2497
00008_00009_00012_png.rf.fa47f1ade7b6ffafc8c23e106e4ec0a9.jpg,5,0.5362,0.9328,0.5676,0.1339,0.2477
000945_JPG_jpg.rf.ad79e318355923e68a10f1678fe9b6bf.jpg,0,0.6069,0.711,0.1524,0.044,0.2417
FisheyeCamera_1_00012_png.rf.72d6e678caad674f4fe8c948471cf743.jpg,7,0.3302,0.5195,0.0305,0.0444,0.2404
00008_00034_00008_png.rf.811d6bdaab24c4e03281dd023835def5.jpg,11,0.5399,0.9196,0.5839,0.1609,0.2389
road760_png.rf.cb25cb1c5c71e6bbf07a9dc3b11915d2.jpg,14,0.0108,0.4136,0.0214,0.0382,0.2356
001700_JPG_jpg.rf.4f29277e7dfa7365978e572fe9f9eee3.jpg,0,0.561,0.1099,0.1625,0.0577,0.2343
001660_JPG_jpg.rf.41a9573c77f81a1dc9e669467db98386.jpg,0,0.332,0.084,0.1519,0.0781,0.2332
FisheyeCamera_1_00104_png.rf.4b7fdfa8ad94152180492a204dfd629d.jpg,12,0.3607,0.5257,0.0274,0.0395,0.2332
road613_png.rf.560c13a685d02ca31a65b6b2b172772a.jpg,7,0.5627,0.5158,0.0905,0.0693,0.2322
000711_jpg.rf.0a584e00809f5da1be911472ba1f8e7b.jpg,12,0.9193,0.5966,0.061,0.1114,0.224
road654_png.rf.dccac1ff09c216df1ecd3c90e1d3923b.jpg,8,0.1359,0.521,0.0573,0.0462,0.2234
road108_png.rf.9655ebb7a27af56ab1d0360d10685ec8.jpg,1,0.8941,0.2106,0.0299,0.0505,0.222
000994_jpg.rf.a4d87f8cd54a7a19e0081461e279a335.jpg,1,0.2505,0.2878,0.0391,0.0262,0.2074
000466_jpg.rf.f609fd155d77826a456bb83ec2fba973.jpg,0,0.9849,0.1518,0.0301,0.0346,0.2058
000722_jpg.rf.9bee48a5dc22112fb5a705192fd54d45.jpg,8,0.5062,0.3247,0.1619,0.2353,0.2035
00002_00017_00020_png.rf.1a27fc5910f7ff6cd9e5ecad10609fe4.jpg,7,0.4819,0.9647,0.3768,0.0705,0.2024
road716_png.rf.b9085b6c292ddd763a6e1481465dd3cd.jpg,12,0.5351,0.5502,0.0642,0.0454,0.2009
000336_jpg.rf.be0bfe39579236b8f1710a54065f106c.jpg,9,0.8445,0.2733,0.1859,0.2918,0.2003
001051_jpg.rf.bb8152d7d7c35ed73bfc9239185f9087.jpg,14,0.5656,0.2663,0.0767,0.1037,0.1962
000945_JPG_jpg.rf.ad79e318355923e68a10f1678fe9b6bf.jpg,0,0.9042,0.8522,0.1069,0.0336,0.194
road19_png.rf.05e1657af2361aab3c4d5deb43b29087.jpg,1,0.4707,0.3466,0.0376,0.0938,0.1919
080e28db-6b07-4f03-a3c3-0803f43cc2ea_jpg.rf.8db090c85fe85dbff2c2f30a30efb0e1.jpg,0,0.5237,0.4936,0.4638,0.8851,0.1898
001623_JPG_jpg.rf.8777c38ac6d8aebbc4c5524393a8ce83.jpg,1,0.0111,0.3787,0.0222,0.0353,0.1881
00003_00036_00017_png.rf.8ac2d0085877d733785436132fdc938e.jpg,11,0.777,0.8385,0.446,0.3231,0.1868
27beeb65-e6ea-4c4a-9dea-597500f26e7f_jpg.rf.29ca4c588d77178889b70d59993eb0ff.jpg,0,0.9156,0.4249,0.1688,0.8362,0.1856
FisheyeCamera_1_00151_png.rf.ff1355b3e842019c0228380552ea0c2c.jpg,13,0.3537,0.5283,0.0223,0.0324,0.1852
00005_00014_00017_png.rf.ed92831e745be7167ec08c3f6d416b7d.jpg,10,0.5473,0.9432,0.6462,0.1136,0.1847
road321_png.rf.f9c13308da074b8ee78f43f6c7ea54f3.jpg,9,0.3439,0.6089,0.0528,0.0594,0.1843
road653_png.rf.a69e562a3dab509d536c1f6d7689c4de.jpg,9,0.5723,0.5729,0.0689,0.0563,0.1843
FisheyeCamera_1_00104_png.rf.4b7fdfa8ad94152180492a204dfd629d.jpg,9,0.3606,0.5258,0.0265,0.0392,0.1808
000300_jpg.rf.5013849426466f43fb71333c9d7e208b.jpg,9,0.5598,0.4253,0.0214,0.0368,0.1792
000809_jpg.rf.dcd99922c592f3b634ddb443bf40dce1.jpg,8,0.6277,0.3003,0.0255,0.044,0.1784
00000_00005_00027_png.rf.397ea37e7f1f7c3029ef77da37b4d73a.jpg,0,0.544,0.0792,0.0384,0.0229,0.178
00005_00014_00005_png.rf.0e24dd3583d580dadb9d69e73a08e78c.jpg,11,0.519,0.9348,0.5471,0.1304,0.1759
FisheyeCamera_1_00480_png.rf.ff94615495e0c4eb7cd3a1cfce3cf2cd.jpg,0,0.7465,0.3934,0.0402,0.0207,0.1759
000711_jpg.rf.0a584e00809f5da1be911472ba1f8e7b.jpg,5,0.0789,0.5527,0.044,0.071,0.1739
001465_jpg.rf.82e271056e453a4f123033b7db486d63.jpg,5,0.3334,0.9072,0.0739,0.1418,0.1726
road16_png.rf.9aba07c7ac70aab405028e7e8a750fb7.jpg,1,0.285,0.4712,0.0493,0.0903,0.1638
000722_jpg.rf.9bee48a5dc22112fb5a705192fd54d45.jpg,11,0.5057,0.3244,0.1667,0.2331,0.1627
road639_png.rf.74306332af06fee257b44f5dd9ae02fb.jpg,9,0.0741,0.7745,0.0666,0.0519,0.1612
FisheyeCamera_1_00012_png.rf.72d6e678caad674f4fe8c948471cf743.jpg,6,0.3304,0.5194,0.0303,0.0441,0.1611
road773_png.rf.b467561d9bc1abfaa69c770187f44c38.jpg,13,0.6466,0.4945,0.0622,0.0489,0.1597
FisheyeCamera_1_00480_png.rf.ff94615495e0c4eb7cd3a1cfce3cf2cd.jpg,1,0.7468,0.3933,0.0386,0.0214,0.1589
00005_00014_00017_png.rf.ed92831e745be7167ec08c3f6d416b7d.jpg,11,0.5437,0.9432,0.647,0.1133,0.1569
000936_jpg.rf.66c50dea6603f9ecc83f8b79c88a2f54.jpg,8,0.6591,0.947,0.0232,0.0487,0.1565
road45_png.rf.de2883de8bdeb35347f7dfbd23b1916c.jpg,0,0.6662,0.1777,0.0328,0.0325,0.1564
000831_jpg.rf.09392428bf69f0de8c937caec3590319.jpg,13,0.5073,0.3866,0.0839,0.1711,0.1554
001607_JPG_jpg.rf.a6dcbc5ecd7c2ef807a4bce512a054a0.jpg,1,0.5577,0.5688,0.0218,0.0602,0.1552
road422_png.rf.9b9d58bbb154a5b030ff2addac608ef8.jpg,13,0.3571,0.5355,0.0573,0.0468,0.1541
00001_00028_00017_png.rf.ff6c0bf1f57a58c63e706c5a59b9b55e.jpg,6,0.9664,0.3907,0.0673,0.6665,0.1519
001261_jpg.rf.7b5bf5841b26d8966d6081fbc704dbf7.jpg,3,0.4712,0.2742,0.1349,0.0926,0.1514
000711_jpg.rf.0a584e00809f5da1be911472ba1f8e7b.jpg,4,0.079,0.5529,0.0422,0.0708,0.151
